,Turma,EB101,Freq,Turma,SI100,Freq,Turma,SI101,Freq,Turma,SI102,Freq,Turma,ST008,Freq,Turma,TT106,Freq,Turma,SI120,Freq,Turma,TT350,Freq,Turma,SI300,Freq,Turma,SI304,Freq,Turma,SI350,Freq,Turma,SI404,Freq,Turma,ST211,Freq,Turma,ST567,Freq,Turma,ST568,Freq,Turma,TT304,Freq,Turma,SI405,Freq,Turma,SI700,Freq,Turma,SI701,Freq,Turma,SI702,Freq,Turma,SI703,Freq,Turma,SI704,Freq,Turma,TT060,Freq,Turma,SI912,Freq,Turma,SI916,Freq,Turma,EB102,Freq,Turma,SI200,Freq,Turma,SI220,Freq,Turma,ST266,Freq,Turma,ST468,Freq,Turma,SI305,Freq,Turma,SI201,Freq,Turma,SI400,Freq,Turma,SI401,Freq,Turma,SI450,Freq,Turma,ST767,Freq,Turma,TT050,Freq,Turma,SI800,Freq,Turma,SI801,Freq,Turma,ST562,Freq,Turma,SI913,Freq,Turma,SI918,Freq,Turma,EB101,Freq,Turma,SI100,Freq,Turma,SI101,Freq,Turma,SI102,Freq,Turma,ST008,Freq,Turma,TT106,Freq,Turma,SI120,Freq,Turma,TT350,Freq,Turma,SI300,Freq,Turma,SI304,Freq,Turma,SI350,Freq,Turma,SI404,Freq,Turma,ST211,Freq,Turma,ST567,Freq,Turma,ST568,Freq,Turma,TT304,Freq,Turma,SI405,Freq,Turma,SI700,Freq,Turma,SI701,Freq,Turma,SI702,Freq,Turma,SI703,Freq,Turma,SI704,Freq,Turma,TT060,Freq,Turma,SI912,Freq,Turma,SI916,Freq,Turma,EB102,Freq,Turma,SI200,Freq,Turma,SI220,Freq,Turma,ST266,Freq,Turma,ST468,Freq,Turma,SI305,Freq,Turma,SI201,Freq,Turma,SI400,Freq,Turma,SI401,Freq,Turma,SI450,Freq,Turma,ST767,Freq,Turma,TT050,Freq,Turma,SI800,Freq,Turma,SI801,Freq,Turma,ST562,Freq,Turma,SI913,Freq,Turma,SI918,Freq,Turma,EB101,Freq,Turma,SI100,Freq,Turma,SI101,Freq,Turma,SI102,Freq,Turma,ST008,Freq,Turma,TT106,Freq,Turma,SI120,Freq,Turma,TT350,Freq,Turma,SI300,Freq,Turma,SI304,Freq,Turma,SI350,Freq,Turma,SI404,Freq,Turma,ST211,Freq,Turma,ST567,Freq,Turma,ST568,Freq,Turma,TT304,Freq,Turma,SI405,Freq,Turma,SI700,Freq,Turma,SI701,Freq,Turma,SI702,Freq,Turma,SI703,Freq,Turma,SI704,Freq,Turma,TT060,Freq,Turma,SI912,Freq,Turma,SI916,Freq,Turma,EB102,Freq,Turma,SI200,Freq,Turma,SI220,Freq,Turma,ST266,Freq,Turma,ST468,Freq,Turma,SI305,Freq,Turma,SI201,Freq,Turma,SI400,Freq,Turma,SI401,Freq,Turma,SI450,Freq,Turma,ST767,Freq,Turma,TT050,Freq,Turma,SI800,Freq,Turma,SI801,Freq,Turma,ST562,Freq,Turma,SI913,Freq,Turma,SI918,Freq,Turma,EB101,Freq,Turma,SI100,Freq,Turma,SI101,Freq,Turma,SI102,Freq,Turma,ST008,Freq,Turma,TT106,Freq,Turma,SI120,Freq,Turma,TT350,Freq,Turma,SI300,Freq,Turma,SI304,Freq,Turma,SI350,Freq,Turma,SI404,Freq,Turma,ST211,Freq,Turma,ST567,Freq,Turma,ST568,Freq,Turma,TT304,Freq,Turma,SI405,Freq,Turma,SI700,Freq,Turma,SI701,Freq,Turma,SI702,Freq,Turma,SI703,Freq,Turma,SI704,Freq,Turma,TT060,Freq,Turma,SI912,Freq,Turma,SI916,Freq,Turma,EB102,Freq,Turma,SI200,Freq,Turma,SI220,Freq,Turma,ST266,Freq,Turma,ST468,Freq,Turma,SI305,Freq,Turma,SI201,Freq,Turma,SI400,Freq,Turma,SI401,Freq,Turma,SI450,Freq,Turma,ST767,Freq,Turma,TT050,Freq,Turma,SI800,Freq,Turma,SI801,Freq,Turma,ST562,Freq,Turma,SI913,Freq,Turma,SI918,Freq,Turma,EB101,Freq,Turma,SI100,Freq,Turma,SI101,Freq,Turma,SI102,Freq,Turma,ST008,Freq,Turma,TT106,Freq,Turma,SI120,Freq,Turma,TT350,Freq,Turma,SI300,Freq,Turma,SI304,Freq,Turma,SI350,Freq,Turma,SI404,Freq,Turma,ST211,Freq,Turma,ST567,Freq,Turma,ST568,Freq,Turma,TT304,Freq,Turma,SI405,Freq,Turma,SI700,Freq,Turma,SI701,Freq,Turma,SI702,Freq,Turma,SI703,Freq,Turma,SI704,Freq,Turma,TT060,Freq,Turma,SI912,Freq,Turma,SI916,Freq,Turma,EB102,Freq,Turma,SI200,Freq,Turma,SI220,Freq,Turma,ST266,Freq,Turma,ST468,Freq,Turma,SI305,Freq,Turma,SI201,Freq,Turma,SI400,Freq,Turma,SI401,Freq,Turma,SI450,Freq,Turma,ST767,Freq,Turma,TT050,Freq,Turma,SI800,Freq,Turma,SI801,Freq,Turma,ST562,Freq,Turma,SI913,Freq,Turma,SI918,Freq,Turma,EB101,Freq,Turma,SI100,Freq,Turma,SI101,Freq,Turma,SI102,Freq,Turma,ST008,Freq,Turma,TT106,Freq,Turma,SI120,Freq,Turma,TT350,Freq,Turma,SI300,Freq,Turma,SI304,Freq,Turma,SI350,Freq,Turma,SI404,Freq,Turma,ST211,Freq,Turma,ST567,Freq,Turma,ST568,Freq,Turma,TT304,Freq,Turma,SI405,Freq,Turma,SI700,Freq,Turma,SI701,Freq,Turma,SI702,Freq,Turma,SI703,Freq,Turma,SI704,Freq,Turma,TT060,Freq,Turma,SI912,Freq,Turma,SI916,Freq,Turma,EB102,Freq,Turma,SI200,Freq,Turma,SI220,Freq,Turma,ST266,Freq,Turma,ST468,Freq,Turma,SI305,Freq,Turma,SI201,Freq,Turma,SI400,Freq,Turma,SI401,Freq,Turma,SI450,Freq,Turma,ST767,Freq,Turma,TT050,Freq,Turma,SI800,Freq,Turma,SI801,Freq,Turma,ST562,Freq,Turma,SI913,Freq,Turma,SI918,Freq
162463,A,9.03,77.35,A,9.78,70.36,B,10.0,94.38,B,9.06,86.25,B,0.0,60.08,B,9.7,68.59,A,8.52,85.33,--,--,--,--,--,--,--,--,--,--,--,--,--,--,--,--,--,--,--,--,--,--,--,--,--,--,--,--,--,--,--,--,--,--,--,--,--,--,--,--,--,--,--,--,--,--,--,--,--,--,--,--,--,--,C,7.81,98.07,A,7.29,99.53,A,8.01,67.9,A,7.97,92.19,A,8.3,82.43,A,8.41,68.64,--,--,--,--,--,--,--,--,--,--,--,--,--,--,--,--,--,--,A,7.68,80.72,--,--,--,--,--,--,--,--,--,--,--,--,--,--,--,--,--,--,--,--,--,--,--,--,A,8.3,80.83,--,--,--,--,--,--,C,8.3,78.9,A,7.63,93.83,A,0,61.4,--,--,--,A,7.92,75.32,A,7.73,80.91,A,0,61.47,--,--,--,--,--,--,--,--,--,--,--,--,--,--,--,--,--,--,--,--,--,--,--,--,--,--,--,--,--,--,--,--,--,--,--,--,--,--,--,--,--,--,--,--,--,--,--,--,--,--,--,A,7.38,70.19,A,0,61.19,A,7.41,91.62,A,8.09,71.13,--,--,--,A,8.69,99.1,--,--,--,A,0,64.13,--,--,--,--,--,--,--,--,--,--,--,--,--,--,--,--,--,--,--,--,--,--,--,--,--,--,--,--,--,--,--,--,--,--,--,--,A,8.04,86.65,A,7.78,65.62,--,--,--,--,--,--,A,8.5,81.85,A,0,62.27,A,8.02,90.66,A,8.3,93.26,--,--,--,A,9.02,81.25,--,--,--,--,--,--,--,--,--,--,--,--,--,--,--,--,--,--,--,--,--,--,--,--,--,--,--,--,--,--,--,--,--,--,--,--,--,--,--,A,7.6,78.57,--,--,--,--,--,--,A,7.43,93.33,--,--,--,--,--,--,A,7.1,76.67,A,8.27,74.39,A,8.61,75.13,--,--,--,--,--,--,--,--,--,--,--,--,--,--,--,--,--,--,--,--,--,--,--,--,--,--,--,--,--,--,--,--,--,--,--,--,--,--,--,--,--,--,--,--,--,A,8.49,87.69,--,--,--,--,--,--,A,8.11,96.37,--,--,--,A,0,62.06,A,8.3,97.82,A,0,60.25,A,8.78,69.89,--,--,--,--,--,--,--,--,--,--,--,--,--,--,--,--,--,--,--,--,--,--,--,--,--,--,--,--,--,--,--,--,--,--,--,--,--,--,--,--,--,--,--,--,--,--,--,--,--,--,--,--,--,--,A,8.33,66.26,--,--,--,--,--,--,--,--,--,--,--,--,--,--,--,--,--,--,--,--,--,--,--,--,--,--,--,--,--,--,--,--,--,--,--,--,--,--,--,--,--,--,--,--,--,--,--,--,--,--,--,--,--,--,--,--,--,A,6.82,77.99,--,--,--,A,7.44,81.65,--,--,--,A,7.57,91.68,--,--,--,--,--,--,--,--,--,--,--,--,--,--,--,--,--,--,--,--,--,--,--,--,--,--,--,--,--,--,--,--,--,--,--,--,--,--,--,--,--,--,--,--,--,--,--,--,--,--,--,--,--,--,--,--,--,--,--,--,--,--,--,--,--,--,--,--,--,--,--,--,--,--,--,--,--,--,--,--,--,--,--,--,--,--,--,--,--,--,--,--,--,--,--,--,--,--,--,--,--,--,--,--,--,--,--,--,--,--,--,--,--,--,--,--,--,--,--,--,--,--,--,--,--,--,A,8.48,100,--,--,--,--,--,--,--,--,--,--,--,--,--,--,--,--,--,--,--,--,--,--,--,--,--,--,--,--,--,--,--,--,--,--,--,--,--,--,--,--,--,--,--,--,--,--,--,--,--,--,--
105002,A,9.64,84.09,B,9.23,77.98,A,9.73,90.92,B,9.05,77.47,A,9.62,68.12,A,9.15,72.87,A,8.42,70.22,--,--,--,--,--,--,--,--,--,--,--,--,--,--,--,--,--,--,--,--,--,--,--,--,--,--,--,--,--,--,--,--,--,--,--,--,--,--,--,--,--,--,--,--,--,--,--,--,--,--,--,--,--,--,B,9.48,76.82,A,9.12,98.55,A,0.0,60.34,A,9.99,88.45,A,9.48,72.23,A,9.99,66.38,--,--,--,--,--,--,--,--,--,--,--,--,--,--,--,--,--,--,A,9.63,81.59,--,--,--,--,--,--,--,--,--,--,--,--,--,--,--,--,--,--,--,--,--,--,--,--,--,--,--,--,--,--,--,--,--,B,9.2,100,A,0,90.97,A,0,98.06,--,--,--,A,9.12,100,A,9.37,85.3,A,9.91,100,--,--,--,--,--,--,--,--,--,--,--,--,--,--,--,--,--,--,--,--,--,--,--,--,--,--,--,--,--,--,--,--,--,--,--,--,--,--,--,A,9.78,88.2,--,--,--,--,--,--,--,--,--,A,9.45,100.0,--,--,--,--,--,--,A,9.91,83.45,A,8.32,100,A,9.46,91.66,--,--,--,A,9.35,100,--,--,--,--,--,--,--,--,--,--,--,--,--,--,--,--,--,--,--,--,--,--,--,--,--,--,--,--,--,--,--,--,--,A,9.71,100,A,0,100,A,9.8,100,--,--,--,--,--,--,--,--,--,A,9.19,83.93,A,9.52,100,A,9.66,100,--,--,--,A,9.92,100,--,--,--,--,--,--,--,--,--,--,--,--,--,--,--,--,--,--,--,--,--,--,--,--,--,--,--,--,--,--,--,--,--,--,--,--,--,--,--,A,9.22,100,A,9.26,95.23,--,--,--,--,--,--,--,--,--,--,--,--,--,--,--,A,9.17,96.72,A,9.86,93.12,--,--,--,--,--,--,--,--,--,--,--,--,--,--,--,--,--,--,--,--,--,--,--,--,--,--,--,--,--,--,A,9.22,100,--,--,--,--,--,--,--,--,--,--,--,--,--,--,--,--,--,--,--,--,--,A,9.73,100,--,--,--,A,7.91,88.2,A,9.6,100,A,9.91,100,A,9.55,100,--,--,--,--,--,--,--,--,--,--,--,--,--,--,--,--,--,--,--,--,--,--,--,--,--,--,--,--,--,--,--,--,--,--,--,--,--,--,--,--,--,--,--,--,--,--,--,--,--,--,--,--,--,--,A,9.27,87.78,--,--,--,--,--,--,--,--,--,--,--,--,--,--,--,--,--,--,--,--,--,--,--,--,--,--,--,--,--,--,--,--,--,--,--,--,--,--,--,--,--,--,--,--,--,--,--,--,--,--,--,--,--,--,--,--,--,--,--,--,--,--,--,--,--,--,--,--,--,A,9.5,99.2,A,9.13,100,--,--,--,--,--,--,--,--,--,--,--,--,--,--,--,--,--,--,--,--,--,--,--,--,--,--,--,--,--,--,--,--,--,--,--,--,--,--,--,--,--,--,--,--,--,--,--,--,--,--,--,--,--,--,--,--,--,--,--,--,--,--,--,--,--,--,--,--,--,--,--,--,--,--,--,--,--,--,--,--,--,--,--,--,--,--,--,--,--,--,--,--,--,--,--,--,--,--,--,--,--,--,--,--,--,--,--,--,--,--,--,--,--,--,--,--,--,--,--,--,--,--,--,--,--,--,--,--,--,--,--,--,--,--,--,--,--,--,--,--,--,--,--,--,--,--,--,--,--,--,--,--,--,--,--,--,--,--,--,--,--,--,--,--,--,--,--,--,--,--,--,--,--,--,--,--,--
122249,A,0.91,72.33,B,0.52,67.64,B,1.01,86.2,A,1.24,71.79,B,0.0,61.62,B,1.67,83.44,A,1.41,88.16,--,--,--,--,--,--,--,--,--,--,--,--,--,--,--,--,--,--,--,--,--,--,--,--,--,--,--,--,--,--,--,--,--,--,--,--,--,--,--,--,--,--,--,--,--,--,--,--,--,--,--,--,--,--,C,1.14,72.34,--,--,--,A,1.05,70.51,A,1.12,89.06,A,0.0,63.06,A,0.45,78.69,A,0.98,98.45,--,--,--,--,--,--,--,--,--,--,--,--,--,--,--,A,0.2,97.68,--,--,--,--,--,--,--,--,--,--,--,--,A,1.54,80.35,A,0,64.45,B,1.93,79.4,B,1.53,79.39,B,0.82,90.01,A,1.88,91.47,A,1.14,72.94,--,--,--,--,--,--,--,--,--,--,--,--,--,--,--,--,--,--,--,--,--,--,--,--,--,--,--,--,--,--,--,--,--,--,--,--,--,--,--,--,--,--,--,--,--,--,--,--,--,--,--,--,--,--,A,1.61,69.1,--,--,--,A,0,61.41,A,0,63.08,A,0.11,74.0,A,0.43,67.74,A,1.58,76.14,--,--,--,--,--,--,--,--,--,--,--,--,--,--,--,A,0.38,69.62,--,--,--,--,--,--,--,--,--,--,--,--,A,1.85,92.6,B,0.66,79.11,A,0.61,76.09,A,0.4,68.05,A,0.4,70.98,A,0.17,79.34,--,--,78.25,--,--,--,--,--,--,--,--,--,--,--,--,--,--,--,--,--,--,--,--,--,--,--,--,--,--,--,--,--,--,--,--,--,--,--,--,--,--,--,--,--,--,--,--,--,--,--,--,--,--,--,--,--,--,A,0,64.67,--,--,--,A,1.79,94.89,A,0.14,85.91,A,0.61,76.61,A,0.33,93.23,A,0,62.22,--,--,--,--,--,--,--,--,--,--,--,--,--,--,--,A,1.83,65.77,--,--,--,--,--,--,--,--,--,--,--,--,A,0.75,78.62,A,1.24,71.03,B,1.15,93.64,B,1.87,68.12,A,1.71,97.8,B,0,64.3,--,--,83.33,--,--,--,--,--,--,--,--,--,--,--,--,--,--,--,--,--,--,--,--,--,--,--,--,--,--,--,--,--,--,--,--,--,--,--,--,--,--,--,--,--,--,--,--,--,--,--,--,--,--,--,--,--,--,C,0.42,78.14,--,--,--,A,0.31,98.34,A,1.33,75.09,A,0.77,82.15,A,0,61.73,A,0.8,99.87,--,--,--,--,--,--,--,--,--,--,--,--,--,--,--,A,1.96,72.43,--,--,--,--,--,--,--,--,--,--,--,--,A,1.2,72.67,B,1.25,71.01,A,1.58,69.8,B,0,61.39,B,0,63.33,A,0.26,89.48,--,--,99.26,--,--,--,--,--,--,--,--,--,--,--,--,--,--,--,--,--,--,--,--,--,--,--,--,--,--,--,--,--,--,--,--,--,--,--,--,--,--,--,--,--,--,--,--,--,--,--,--,--,--,--,--,--,--,B,0.66,76.02,--,--,--,A,0.52,73.98,A,1.08,91.7,A,0,60.49,A,1.22,95.95,A,0,64.44,--,--,--,--,--,--,--,--,--,--,--,--,--,--,--,A,1.02,75.46,--,--,--,--,--,--,--,--,--,--,--,--,A,1.33,74.44,A,1.66,79.28,A,1.71,85.78,B,0.66,67.43,B,1.25,89.49,B,0,64.55,--,--,90.44,--,--,--,--,--,--,--,--,--,--,--,--,--,--,--,--,--,--,--,--,--,--,--,--,--,--,--,--,--,--,--,--,--,--,--,--,--,--,--,--,--,--,--,--,--,--,--,--,--,--,--,--,--,--,B,1.92,90.97,--,--,--,A,1.71,77.21,A,0.88,86.4,A,0.45,68.97,A,0.17,72.79,A,1.56,73.53,--,--,--,--,--,--,--,--,--,--,--,--,--,--,--,A,1.55,71.84,--,--,--,--,--,--,--,--,--,--,--,--
151931,A,6.64,91.55,A,6.69,77.02,B,7.36,99.07,A,6.08,78.29,B,6.14,98.73,A,0.0,63.56,A,4.67,94.29,--,--,--,--,--,--,--,--,--,--,--,--,--,--,--,--,--,--,--,--,--,--,--,--,--,--,--,--,--,--,--,--,--,--,--,--,--,--,--,--,--,--,--,--,--,--,--,--,--,--,--,--,--,--,A,6.89,90.66,A,6.32,82.53,A,6.04,84.58,A,6.62,75.42,A,6.38,96.71,A,6.56,96.5,--,--,--,--,--,--,--,--,--,--,--,--,--,--,--,--,--,--,A,6.57,87.15,--,--,--,--,--,--,--,--,--,--,--,--,--,--,--,--,--,--,--,--,--,--,--,--,--,--,--,A,6.85,98.09,A,5.31,82.89,--,--,--,A,6.39,83.02,A,6.84,94.79,--,--,--,A,6.71,96.99,A,6.31,72.42,--,--,--,--,--,--,--,--,--,--,--,--,--,--,--,--,--,--,--,--,--,--,--,--,--,--,--,--,--,--,--,--,--,--,--,--,--,--,--,--,--,--,--,--,--,--,--,--,--,--,--,--,--,--,A,6.3,92.88,A,6.63,67.74,A,6.1,87.93,--,--,--,--,--,--,A,6.92,67.96,--,--,--,A,6.56,69.72,--,--,--,A,6.29,95.5,--,--,--,--,--,--,--,--,--,--,--,--,--,--,--,--,--,--,--,--,--,--,--,--,C,6.66,77.23,--,--,--,--,--,--,--,--,--,--,--,--,--,--,--,A,6.47,91.22,A,6.43,77.07,A,6.1,77.79,A,6.83,81.07,A,6.91,92.57,--,--,--,--,--,--,--,--,--,--,--,--,--,--,--,--,--,--,--,--,--,--,--,--,--,--,--,--,--,--,--,--,--,--,--,--,--,--,--,--,--,--,--,--,--,--,--,--,A,6.55,82.17,A,4.81,71.68,--,--,--,--,--,--,--,--,--,A,6.88,73.04,--,--,--,--,--,--,--,--,--,--,--,--,--,--,--,--,--,--,--,--,--,--,--,--,--,--,--,--,--,--,--,--,--,--,--,--,A,8.42,94.33,--,--,--,--,--,--,--,--,--,--,--,--,--,--,--,--,--,--,--,--,--,A,8.53,83.99,A,7.37,65.21,A,8.13,78.1,A,8.2,84.08,A,7.71,98.89,--,--,--,--,--,--,--,--,--,--,--,--,--,--,--,--,--,--,--,--,--,--,--,--,--,--,--,--,--,--,--,--,--,--,--,--,A,6.6,79.65,--,--,--,--,--,--,--,--,--,--,--,--,--,--,--,A,8.21,92.32,--,--,--,--,--,--,--,--,--,--,--,--,--,--,--,--,--,--,--,--,--,--,--,--,--,--,--,--,--,--,--,--,--,--,--,--,--,--,--,--,--,--,--,--,--,--,--,--,--,--,--,--,--,--,--,--,--,--,--,--,--,--,--,--,--,--,--,--,--,A,0,64.97,A,7.41,87.49,--,--,--,--,--,--,--,--,--,--,--,--,--,--,--,--,--,--,--,--,--,--,--,--,--,--,--,--,--,--,--,--,--,--,--,--,--,--,--,--,--,--,--,--,--,--,--,--,--,--,--,--,--,--,--,--,--,--,--,--,--,--,--,--,--,--,--,--,--,--,--,--,--,--,--,--,--,--,--,--,--,--,--,--,--,--,--,--,--,--,--,--,--,--,--,--,--,--,--,--,--,--,--,--,--,--,--,--,--,--,--,--,--,--,--,--,--,--,--,--,A,0,63.16,--,--,--,--,--,--,--,--,--,--,--,--,--,--,--,--,--,--,--,--,--,--,--,--,--,--,--,--,--,--,--,--,--,--,--,--,--,--,--,--,--,--,--,--,--,--,--,--,--,--,--,--,--,--
180496,A,1.54,92.34,A,0.0,60.23,A,1.23,95.76,B,0.75,74.04,A,0.13,86.53,B,0.19,89.61,A,1.27,66.81,--,--,--,--,--,--,--,--,--,--,--,--,--,--,--,--,--,--,--,--,--,--,--,--,--,--,--,--,--,--,--,--,--,--,--,--,--,--,--,--,--,--,--,--,--,--,--,--,--,--,--,--,--,--,A,1.3,82.13,--,--,--,A,1.8,74.14,A,0.75,71.64,A,0.23,98.84,A,0.71,96.12,A,0.64,97.09,--,--,--,--,--,--,--,--,--,--,--,--,--,--,--,A,0.0,60.96,--,--,--,--,--,--,--,--,--,--,--,--,A,1.59,84.77,B,1.52,69.99,A,3.44,67.72,A,1.4,90.72,B,0,62.92,A,1.01,77.74,A,1.34,95.01,--,--,--,--,--,--,--,--,--,--,--,--,--,--,--,--,--,--,--,--,--,--,--,--,--,--,--,--,--,--,--,--,--,--,--,--,--,--,--,--,--,--,--,--,--,--,--,--,--,--,--,--,--,--,C,1.91,94.59,--,--,--,A,0.54,74.97,A,1.8,70.42,A,1.54,85.66,A,0.96,71.22,A,1.55,74.26,--,--,--,--,--,--,--,--,--,--,--,--,--,--,--,A,1.49,95.21,--,--,--,--,--,--,--,--,--,--,--,--,A,0.49,77.96,A,0.58,76.38,A,2.97,94.98,A,1.14,66.13,A,1.23,75.52,A,1.13,94.65,--,--,93.62,--,--,--,--,--,--,--,--,--,--,--,--,--,--,--,--,--,--,--,--,--,--,--,--,--,--,--,--,--,--,--,--,--,--,--,--,--,--,--,--,--,--,--,--,--,--,--,--,--,--,--,--,--,--,C,0,62.18,--,--,--,A,0.86,86.49,A,0,63.33,A,1.77,80.46,A,1.24,81.79,A,0,60.87,--,--,--,--,--,--,--,--,--,--,--,--,--,--,--,A,0.17,88.65,--,--,--,--,--,--,--,--,--,--,--,--,A,0,64.44,B,1.39,90.75,B,1.45,91.56,B,0.73,93.17,B,1.79,98.68,A,1.88,79.6,A,0.58,73.07,--,--,--,--,--,--,--,--,--,--,--,--,--,--,--,--,--,--,--,--,--,--,--,--,--,--,--,--,--,--,--,--,--,--,--,--,--,--,--,--,--,--,--,--,--,--,--,--,--,--,--,--,--,--,C,1.68,75.86,--,--,--,A,1.12,99.52,A,0,61.2,A,1.17,79.46,A,0.96,92.99,A,0.85,80.25,--,--,--,--,--,--,--,--,--,--,--,--,--,--,--,A,1.24,80.07,--,--,--,--,--,--,--,--,--,--,--,--,A,0.2,94.49,B,1.34,79.09,B,2.92,83.37,B,0.31,73.43,B,1.75,97.25,A,0.1,86.42,A,0.54,83.09,--,--,--,--,--,--,--,--,--,--,--,--,--,--,--,--,--,--,--,--,--,--,--,--,--,--,--,--,--,--,--,--,--,--,--,--,--,--,--,--,--,--,--,--,--,--,--,--,--,--,--,--,--,--,B,0.32,72.79,--,--,--,A,0.4,85.56,A,1.31,80.4,A,1.85,98.23,A,0.4,98.36,A,1.48,65.62,--,--,--,--,--,--,--,--,--,--,--,--,--,--,--,A,1.99,73.51,--,--,--,--,--,--,--,--,--,--,--,--,A,0.77,83.07,B,0.24,69.94,A,1.57,95.26,A,0,62.87,B,1.08,77.08,A,0.62,94.19,A,0,63.86,--,--,--,--,--,--,--,--,--,--,--,--,--,--,--,--,--,--,--,--,--,--,--,--,--,--,--,--,--,--,--,--,--,--,--,--,--,--,--,--,--,--,--,--,--,--,--,--,--,--,--,--,--,--,B,0.59,84.71,--,--,--,A,1.19,93.8,A,1.91,77.13,A,0.13,91.21,A,1.98,83.38,A,1.25,90.08,--,--,--,--,--,--,--,--,--,--,--,--,--,--,--,A,1.71,75.06,--,--,--,--,--,--,--,--,--,--,--,--
109381,A,9.06,82.23,A,9.14,67.97,B,10.0,87.08,B,0.0,60.82,A,9.27,75.38,B,9.95,87.62,A,0,60.24,--,--,--,--,--,--,--,--,--,--,--,--,--,--,--,--,--,--,--,--,--,--,--,--,--,--,--,--,--,--,--,--,--,--,--,--,--,--,--,--,--,--,--,--,--,--,--,--,--,--,--,--,--,--,A,9.82,69.15,A,9.37,97.58,A,9.24,83.85,A,9.83,88.03,A,9.51,90.32,A,9.78,81.41,--,--,--,--,--,--,--,--,--,--,--,--,--,--,--,--,--,--,A,9.5,71.52,--,--,--,--,--,--,--,--,--,--,--,--,--,--,--,--,--,--,--,--,--,A,0,50.28,--,--,--,--,--,--,A,8.86,31.15,--,--,--,A,9.82,42.71,A,9.68,54.67,--,--,--,A,9.47,47.88,A,9.14,54.62,A,9.61,55.85,--,--,--,--,--,--,--,--,--,--,--,--,--,--,--,--,--,--,--,--,--,--,--,--,--,--,--,--,--,--,--,--,--,--,--,--,--,--,--,--,--,--,--,--,--,--,--,--,--,--,--,A,9.35,48.3,A,9.39,52.9,A,9.61,71.88,--,--,--,A,8.06,47.83,A,9.23,51.26,--,--,--,A,9.22,49.44,--,--,--,--,--,--,--,--,--,--,--,--,--,--,--,--,--,--,A,9.52,54.37,--,--,--,--,--,--,--,--,--,A,9.45,66.97,--,--,--,--,--,--,--,--,--,--,--,--,--,--,--,--,--,--,A,9.75,38.79,A,9.84,81.85,A,9.1,72.42,A,9.92,70.54,A,9.62,58.01,--,--,--,--,--,--,--,--,--,--,--,--,--,--,--,--,--,--,--,--,--,--,--,--,--,--,--,--,--,--,--,--,--,--,--,--,--,--,--,--,--,--,--,--,--,A,0,38.25,--,--,--,--,--,--,--,--,--,--,--,--,A,9.92,57.91,A,0,45.2,--,--,--,--,--,--,--,--,--,--,--,--,--,--,--,--,--,--,--,--,--,--,--,--,--,--,--,--,--,--,--,--,--,A,9.52,66.95,--,--,--,--,--,--,--,--,--,--,--,--,--,--,--,--,--,--,--,--,--,--,--,--,A,0,30.84,A,9.87,45.52,A,9.74,69.72,A,9.61,64.52,A,9.54,69.56,--,--,--,--,--,--,--,--,--,--,--,--,--,--,--,--,--,--,--,--,--,--,--,--,--,--,--,--,--,--,A,0,29.98,--,--,--,--,--,--,--,--,--,--,--,--,--,--,--,A,0,46.19,A,9.75,62.16,--,--,--,--,--,--,--,--,--,--,--,--,--,--,--,--,--,--,--,--,--,--,--,--,--,--,--,--,--,--,--,--,--,--,--,--,--,--,--,--,--,--,--,--,--,--,--,--,--,--,--,--,--,--,--,--,--,A,7.43,59.39,--,--,--,--,--,--,--,--,--,--,--,--,A,9.26,78.61,--,--,--,--,--,--,--,--,--,--,--,--,--,--,--,--,--,--,--,--,--,--,--,--,--,--,--,A,9.18,63.7,--,--,--,--,--,--,--,--,--,--,--,--,--,--,--,A,9.93,55.4,--,--,--,--,--,--,--,--,--,--,--,--,--,--,--,--,--,--,--,--,--,--,--,--,--,--,--,--,--,--,--,--,--,--,--,--,--,--,--,--,--,--,--,--,--,--,--,--,--,--,--,--,--,--,--,--,--,--,--,--,--,--,--,--,--,--,--,--,--,--,--,--,--,--,--,--,--,--,--,--,--,--,--,--,--,--,--,--,--,--,--,--,--,--,--,--,--,--,--,--,--,--,--,--,--,--,--,--,--,--,--,--,--,--,--,--,--,--,--,--,--,--,--,--,--,--,--,--,--
177519,A,0.55,82.56,A,1.89,99.13,B,1.34,88.58,A,0.63,65.99,B,0.71,96.71,A,1.11,78.11,--,--,65.14,--,--,--,--,--,--,--,--,--,--,--,--,--,--,--,--,--,--,--,--,--,--,--,--,--,--,--,--,--,--,--,--,--,--,--,--,--,--,--,--,--,--,--,--,--,--,--,--,--,--,--,--,--,--,A,1.79,99.61,--,--,--,A,0.0,64.08,A,1.69,84.21,A,1.12,69.66,A,0.63,91.28,A,0,62.82,--,--,--,--,--,--,--,--,--,--,--,--,--,--,--,A,1.76,78.55,--,--,--,--,--,--,--,--,--,--,--,--,A,0,64.08,B,1.01,89.13,A,0,63.31,B,1.51,91.79,B,0.08,84.76,B,1.88,94.65,--,--,96.71,--,--,--,--,--,--,--,--,--,--,--,--,--,--,--,--,--,--,--,--,--,--,--,--,--,--,--,--,--,--,--,--,--,--,--,--,--,--,--,--,--,--,--,--,--,--,--,--,--,--,--,--,--,--,A,0.6,91.21,--,--,--,A,0.2,92.98,A,1.37,81.13,A,1.72,72.69,A,0,62.39,A,1.58,97.64,--,--,--,--,--,--,--,--,--,--,--,--,--,--,--,A,1.64,92.51,--,--,--,--,--,--,--,--,--,--,--,--,A,0.36,77.12,B,1.81,67.27,A,0,63.27,B,0.77,97.37,A,0.8,71.67,B,1.58,84.82,--,--,97.06,--,--,--,--,--,--,--,--,--,--,--,--,--,--,--,--,--,--,--,--,--,--,--,--,--,--,--,--,--,--,--,--,--,--,--,--,--,--,--,--,--,--,--,--,--,--,--,--,--,--,--,--,--,--,A,0.93,66.61,--,--,--,A,0.35,76.16,A,0.7,91.02,A,1.32,79.22,A,1.69,82.05,A,1.68,79.73,--,--,--,--,--,--,--,--,--,--,--,--,--,--,--,A,0.06,93.27,--,--,--,--,--,--,--,--,--,--,--,--,A,0.35,83.45,B,0,63.67,A,2.08,97.13,B,0.55,75.23,A,1.78,70.9,B,1.03,69.27,A,0.31,97.08,--,--,--,--,--,--,--,--,--,--,--,--,--,--,--,--,--,--,--,--,--,--,--,--,--,--,--,--,--,--,--,--,--,--,--,--,--,--,--,--,--,--,--,--,--,--,--,--,--,--,--,--,--,--,C,1.48,76.16,--,--,--,A,1.16,67.68,A,1.96,78.93,A,1.22,96.15,A,1.01,88.17,A,1.78,91.27,--,--,--,--,--,--,--,--,--,--,--,--,--,--,--,A,1.59,85.18,--,--,--,--,--,--,--,--,--,--,--,--,A,0,63.41,B,0,62.6,A,1.35,77.83,B,0.56,96.37,A,0.17,65.57,A,0.19,81.7,--,--,71.58,--,--,--,--,--,--,--,--,--,--,--,--,--,--,--,--,--,--,--,--,--,--,--,--,--,--,--,--,--,--,--,--,--,--,--,--,--,--,--,--,--,--,--,--,--,--,--,--,--,--,--,--,--,--,B,0.07,86.97,--,--,--,A,0.89,65.7,A,0.95,69.72,A,0.51,65.06,A,0.11,86.07,A,0.37,85.5,--,--,--,--,--,--,--,--,--,--,--,--,--,--,--,A,1.63,96.7,--,--,--,--,--,--,--,--,--,--,--,--,A,0.06,94.65,A,1.73,92.22,A,1.34,88.9,A,0.41,97.53,A,1.62,93.65,A,0.38,74.6,--,--,65.57,--,--,--,--,--,--,--,--,--,--,--,--,--,--,--,--,--,--,--,--,--,--,--,--,--,--,--,--,--,--,--,--,--,--,--,--,--,--,--,--,--,--,--,--,--,--,--,--,--,--,--,--,--,--,C,1.25,72.41,--,--,--,A,0,61.68,A,1.89,70.83,A,0,61.23,A,0,60.76,A,0.68,84.41,--,--,--,--,--,--,--,--,--,--,--,--,--,--,--,A,0.15,87.22,--,--,--,--,--,--,--,--,--,--,--,--
161925,A,0.0,62.16,A,6.82,68.82,B,0.0,64.48,A,6.18,71.38,B,6.44,72.08,B,0.0,61.19,A,5.91,85.97,--,--,--,--,--,--,--,--,--,--,--,--,--,--,--,--,--,--,--,--,--,--,--,--,--,--,--,--,--,--,--,--,--,--,--,--,--,--,--,--,--,--,--,--,--,--,--,--,--,--,--,--,--,--,A,6.77,80.19,A,0,64.31,A,6.02,74.11,A,6.88,93.71,A,6.4,90.09,A,6.4,87.54,--,--,--,--,--,--,--,--,--,--,--,--,--,--,--,--,--,--,A,6.8,83.63,--,--,--,--,--,--,--,--,--,--,--,--,A,6.58,72.86,--,--,--,A,7.3,82.18,--,--,--,--,--,--,A,6.71,79.38,--,--,--,B,6.62,69.38,A,6.45,74.53,A,6.08,86.9,--,--,--,--,--,--,--,--,--,--,--,--,--,--,--,--,--,--,--,--,--,--,--,--,--,--,--,--,--,--,--,--,--,--,--,--,--,--,--,--,--,--,--,--,--,--,--,--,A,0,63.04,--,--,--,--,--,--,--,--,--,--,--,--,A,0.0,61.26,A,6.04,80.84,A,0,61.92,A,6.39,67.9,--,--,--,--,--,--,--,--,--,A,6.42,87.45,--,--,--,--,--,--,--,--,--,--,--,--,--,--,--,--,--,--,--,--,--,--,--,--,--,--,--,--,--,--,--,--,--,--,--,--,--,--,--,A,6.48,80.92,A,6.71,72.29,A,6.03,69.89,A,0,62.12,A,6.37,87.52,A,6.28,75.19,A,6.27,99.61,--,--,--,--,--,--,--,--,--,--,--,--,--,--,--,--,--,--,--,--,--,--,--,--,--,--,--,A,6.97,85.77,--,--,--,--,--,--,--,--,--,--,--,--,A,6.68,81.1,--,--,--,A,6.9,97.35,--,--,--,--,--,--,A,6.07,72.04,--,--,--,--,--,--,--,--,--,A,6.79,89.38,--,--,--,--,--,--,--,--,--,--,--,--,--,--,--,--,--,--,--,--,--,--,--,--,--,--,--,--,--,--,--,--,--,--,--,--,--,--,--,--,--,--,A,6.26,89.72,--,--,--,--,--,--,--,--,--,A,0,63.56,A,0,63.28,A,0,64.59,A,6.38,70.42,A,6.44,86.81,--,--,--,--,--,--,--,--,--,--,--,--,--,--,--,--,--,--,--,--,--,--,--,--,--,--,--,--,--,--,--,--,--,--,--,--,--,--,--,A,5.6,73.41,--,--,--,--,--,--,--,--,--,A,0,64.33,--,--,--,A,6.78,78.05,--,--,--,--,--,--,--,--,--,--,--,--,--,--,--,--,--,--,--,--,--,--,--,--,--,--,--,--,--,--,--,--,--,--,--,--,--,--,--,--,--,--,--,--,--,--,--,--,--,--,--,A,6.87,75.08,A,6.72,93.67,A,5.02,81.62,--,--,--,--,--,--,A,6.72,82.5,A,6.07,82.22,--,--,--,--,--,--,--,--,--,--,--,--,--,--,--,--,--,--,--,--,--,--,--,--,--,--,--,--,--,--,--,--,--,--,--,--,--,--,--,--,--,--,--,--,--,A,6.79,71.83,--,--,--,--,--,--,--,--,--,--,--,--,--,--,--,--,--,--,--,--,--,--,--,--,--,--,--,--,--,--,--,--,--,--,--,--,--,--,--,--,--,--,--,--,--,--,--,--,--,--,--,--,--,--,--,--,--,--,--,--,--,--,--,--,--,--,--,--,--,--,--,--,--,--,--,--,--,--,A,6.61,85.46,--,--,--,--,--,--,--,--,--,--,--,--,--,--,--,--,--,--,--,--,--,--,--,--,--,--,--,--,--,--,--,--,--,--,--,--,--,--,--,--,--,--,--,--,--,--,--,--,--,--,--
198916,A,6.27,90.97,B,6.21,76.02,B,7.39,92.06,A,6.71,66.79,B,6.37,76.47,A,6.18,77.19,A,0,64.43,--,--,--,--,--,--,--,--,--,--,--,--,--,--,--,--,--,--,--,--,--,--,--,--,--,--,--,--,--,--,--,--,--,--,--,--,--,--,--,--,--,--,--,--,--,--,--,--,--,--,--,--,--,--,A,6.1,94.91,A,6.69,81.98,A,6.31,75.29,A,6.08,75.57,A,6.34,87.49,A,6.12,85.13,--,--,--,--,--,--,--,--,--,--,--,--,--,--,--,--,--,--,A,6.07,71.54,--,--,--,--,--,--,--,--,--,--,--,--,--,--,--,--,--,--,--,--,--,--,--,--,--,--,--,--,--,--,A,4.38,95.29,--,--,--,A,6.08,91.84,A,6.3,89.7,--,--,--,A,6.11,94.51,A,6.85,85.5,A,6.04,66.99,--,--,--,--,--,--,--,--,--,--,--,--,--,--,--,--,--,--,--,--,--,--,--,--,--,--,--,--,--,--,--,--,--,--,--,--,--,--,--,--,--,--,--,--,--,--,--,--,--,--,--,A,6.72,79.99,A,6.1,92.32,A,6.09,65.89,--,--,--,A,4.26,88.69,A,6.33,91.92,--,--,--,A,6.34,99.81,--,--,--,--,--,--,--,--,--,--,--,--,--,--,--,--,--,--,--,--,--,--,--,--,--,--,--,A,5.08,91.9,--,--,--,--,--,--,--,--,--,--,--,--,--,--,--,--,--,--,--,--,--,A,6.48,94.99,A,6.38,87.38,A,6.42,92.65,A,6.78,72.89,A,8.07,94.64,--,--,--,--,--,--,--,--,--,--,--,--,--,--,--,--,--,--,--,--,--,--,--,--,--,--,--,--,--,--,--,--,--,--,--,--,--,--,--,--,--,--,--,--,--,--,--,--,A,5.16,80.64,--,--,--,--,--,--,--,--,--,A,6.84,92.55,A,6.58,91.23,--,--,--,--,--,--,--,--,--,--,--,--,--,--,--,--,--,--,--,--,--,--,--,--,C,7.38,77.74,--,--,--,--,--,--,--,--,--,--,--,--,--,--,--,--,--,--,--,--,--,--,--,--,--,--,--,--,--,--,--,--,--,A,6.14,70.04,--,--,--,A,8.84,74.2,A,8.18,78.1,A,8.39,96.46,--,--,--,--,--,--,--,--,--,--,--,--,--,--,--,--,--,--,--,--,--,--,--,--,--,--,--,--,--,--,A,0,63.01,--,--,--,--,--,--,--,--,--,--,--,--,--,--,--,--,--,--,A,7.86,95.48,--,--,--,--,--,--,--,--,--,--,--,--,--,--,--,--,--,--,--,--,--,--,--,--,--,--,--,--,--,--,A,7.25,92.33,--,--,--,--,--,--,--,--,--,--,--,--,--,--,--,--,--,--,--,--,--,--,--,--,--,--,--,A,8.06,77.67,--,--,--,--,--,--,--,--,--,A,8.45,97.59,--,--,--,--,--,--,--,--,--,--,--,--,--,--,--,--,--,--,--,--,--,--,--,--,--,--,--,A,8.14,66.9,--,--,--,--,--,--,--,--,--,--,--,--,--,--,--,--,--,--,--,--,--,--,--,--,--,--,--,--,--,--,--,--,--,--,--,--,--,--,--,--,--,--,--,--,--,--,--,--,--,--,--,--,--,--,--,--,--,--,--,--,--,--,--,--,--,--,--,--,--,--,--,--,--,--,--,--,--,--,--,--,--,--,--,--,--,--,--,--,--,--,--,--,--,--,--,--,--,--,--,--,--,--,--,--,--,--,--,--,--,--,--,--,--,--,--,--,--,--,--,--,--,--,--,--,--,--,--,--,--,--,--,--,--,--,--,--,--,--,--,--,--,--,--,--,--,--,--
140766,A,9.65,91.47,A,9.25,79.66,A,10.0,89.59,B,0.0,63.8,A,9.3,75.2,B,0.0,64.36,A,8.46,98.26,--,--,--,--,--,--,--,--,--,--,--,--,--,--,--,--,--,--,--,--,--,--,--,--,--,--,--,--,--,--,--,--,--,--,--,--,--,--,--,--,--,--,--,--,--,--,--,--,--,--,--,--,--,--,C,9.58,80.51,A,9.89,88.37,A,9.39,79.38,A,9.92,98.19,A,9.31,73.3,A,9.88,90.81,--,--,--,--,--,--,--,--,--,--,--,--,--,--,--,--,--,--,A,0.0,62.78,--,--,--,--,--,--,--,--,--,--,--,--,--,--,--,--,--,--,--,--,--,A,9.75,74.47,--,--,--,A,9.55,95.55,--,--,--,A,9.05,89.82,A,9.71,92.55,A,9.29,86.02,--,--,--,A,9.91,85.81,A,9.37,72.36,--,--,--,--,--,--,--,--,--,--,--,--,--,--,--,--,--,--,--,--,--,--,--,--,--,--,--,--,--,--,--,--,--,--,--,--,--,--,--,--,--,--,--,--,--,--,--,--,--,--,--,--,--,--,A,9.81,91.01,A,9.8,66.72,A,9.26,79.84,A,9.12,72.57,--,--,--,A,9.39,92.5,A,9.89,98.57,A,9.55,86.67,--,--,--,--,--,--,--,--,--,--,--,--,--,--,--,--,--,--,--,--,--,--,--,--,--,--,--,--,--,--,--,--,--,--,--,--,--,--,--,A,9.49,70.79,--,--,--,--,--,--,A,9.46,75.69,A,9.95,86.55,A,9.32,75.55,A,9.56,70.02,A,9.58,80.3,A,10,98.48,--,--,--,--,--,--,--,--,--,--,--,--,--,--,--,--,--,--,--,--,--,--,--,--,--,--,--,--,--,--,--,--,--,--,--,--,--,--,--,--,--,--,--,--,--,--,--,--,A,7.6,83.13,--,--,--,--,--,--,--,--,--,A,9.72,68.24,A,9.11,88.78,--,--,--,--,--,--,--,--,--,--,--,--,--,--,--,--,--,--,--,--,--,--,--,--,--,--,--,--,--,--,--,--,--,--,--,--,--,--,--,--,--,--,--,--,--,--,--,--,--,--,--,--,--,--,--,--,--,--,--,--,A,8.73,77.78,A,9.9,67.51,A,9.91,76.75,A,9.76,68.09,A,9.28,67.96,--,--,--,--,--,--,--,--,--,--,--,--,--,--,--,--,--,--,--,--,--,--,--,--,--,--,--,--,--,--,--,--,--,--,--,--,--,--,--,--,--,--,--,--,--,--,--,--,--,--,--,A,9.15,70.0,--,--,--,--,--,--,--,--,--,--,--,--,--,--,--,--,--,--,--,--,--,--,--,--,--,--,--,--,--,--,--,--,--,--,--,--,--,--,--,--,--,--,--,--,--,--,--,--,--,--,--,--,--,--,--,--,--,--,--,--,--,--,--,--,--,--,--,--,--,--,--,--,A,0,62.05,--,--,--,--,--,--,--,--,--,--,--,--,--,--,--,--,--,--,--,--,--,--,--,--,--,--,--,--,--,--,--,--,--,--,--,--,--,--,--,--,--,--,--,--,--,--,--,--,--,--,--,--,--,--,--,--,--,--,--,--,--,--,--,--,--,--,--,--,--,--,--,--,--,--,--,--,--,--,--,--,--,--,--,--,--,--,--,--,--,--,--,--,--,--,--,--,--,--,--,--,--,--,--,--,--,--,--,--,--,--,--,--,--,--,--,--,--,--,--,--,--,--,--,A,9.63,78.18,--,--,--,--,--,--,--,--,--,--,--,--,--,--,--,--,--,--,--,--,--,--,--,--,--,--,--,--,--,--,--,--,--,--,--,--,--,--,--,--,--,--,--,--,--,--,--,--,--,--,--
175998,A,0.83,100.0,A,1.86,100.0,A,3.12,100.0,A,1.62,93.64,A,0.18,89.18,A,0.19,100.0,A,0.08,100.0,--,--,--,--,--,--,--,--,--,--,--,--,--,--,--,--,--,--,--,--,--,--,--,--,--,--,--,--,--,--,--,--,--,--,--,--,--,--,--,--,--,--,--,--,--,--,--,--,--,--,--,--,--,--,B,1.16,94.06,--,--,--,A,0.32,100.0,A,0.0,96.41,A,1.99,100.0,A,1.25,91.22,A,1.22,100,--,--,--,--,--,--,--,--,--,--,--,--,--,--,--,A,0.86,86.45,--,--,--,--,--,--,--,--,--,--,--,--,A,1.32,100,B,0.38,95.34,B,2.17,100,A,0.29,96.97,B,1.01,83.61,B,1.6,89.72,--,--,100,--,--,--,--,--,--,--,--,--,--,--,--,--,--,--,--,--,--,--,--,--,--,--,--,--,--,--,--,--,--,--,--,--,--,--,--,--,--,--,--,--,--,--,--,--,--,--,--,--,--,--,--,--,--,A,1.41,93.32,--,--,--,A,1.22,100,A,1.33,100,A,1.77,100,A,1.98,95.16,A,0.0,77.94,--,--,--,--,--,--,--,--,--,--,--,--,--,--,--,A,0.15,100,--,--,--,--,--,--,--,--,--,--,--,--,A,0.93,80.64,A,1.39,100,B,1.98,87.75,B,0.72,100,A,0.98,87.73,A,1.18,100,A,0.16,100,--,--,--,--,--,--,--,--,--,--,--,--,--,--,--,--,--,--,--,--,--,--,--,--,--,--,--,--,--,--,--,--,--,--,--,--,--,--,--,--,--,--,--,--,--,--,--,--,--,--,--,--,--,--,A,0.17,100,--,--,--,A,1.76,86.58,A,0.41,100,A,1.64,100,A,1.46,100,A,1.51,100,--,--,--,--,--,--,--,--,--,--,--,--,--,--,--,A,0.43,100,--,--,--,--,--,--,--,--,--,--,--,--,A,0.85,100,A,0.8,100,B,2.02,100,B,1.52,100,B,1.91,100,B,0,85.74,A,0.03,100,--,--,--,--,--,--,--,--,--,--,--,--,--,--,--,--,--,--,--,--,--,--,--,--,--,--,--,--,--,--,--,--,--,--,--,--,--,--,--,--,--,--,--,--,--,--,--,--,--,--,--,--,--,--,A,0.17,100,--,--,--,A,0.22,98.47,A,1.33,100,A,0.52,100,A,1.44,100,A,0.1,100,--,--,--,--,--,--,--,--,--,--,--,--,--,--,--,A,1.65,92.1,--,--,--,--,--,--,--,--,--,--,--,--,A,0,73.22,B,1.12,100,B,0,86.47,A,0.36,100,A,1.1,100,A,1.88,100,--,--,100,--,--,--,--,--,--,--,--,--,--,--,--,--,--,--,--,--,--,--,--,--,--,--,--,--,--,--,--,--,--,--,--,--,--,--,--,--,--,--,--,--,--,--,--,--,--,--,--,--,--,--,--,--,--,C,0.51,97.92,--,--,--,A,1.7,91.33,A,0.82,97.08,A,1.57,85.33,A,1.49,72.48,A,1.37,92.4,--,--,--,--,--,--,--,--,--,--,--,--,--,--,--,A,0.86,79.43,--,--,--,--,--,--,--,--,--,--,--,--,A,0.36,94.57,A,1.04,76.95,A,1.98,71.2,B,0.98,90.06,B,1.62,94.36,A,0.86,74.4,A,0.32,93.72,--,--,--,--,--,--,--,--,--,--,--,--,--,--,--,--,--,--,--,--,--,--,--,--,--,--,--,--,--,--,--,--,--,--,--,--,--,--,--,--,--,--,--,--,--,--,--,--,--,--,--,--,--,--,B,0,62.99,--,--,--,A,0.48,82.34,A,1.68,71.63,A,0.13,86.48,A,0,60.21,A,0,63.01,--,--,--,--,--,--,--,--,--,--,--,--,--,--,--,A,1.82,85.11,--,--,--,--,--,--,--,--,--,--,--,--
111604,A,1.53,75.82,B,0.91,75.61,B,3.53,89.82,A,1.59,72.51,B,1.51,97.58,B,0.28,70.52,--,--,75.24,--,--,--,--,--,--,--,--,--,--,--,--,--,--,--,--,--,--,--,--,--,--,--,--,--,--,--,--,--,--,--,--,--,--,--,--,--,--,--,--,--,--,--,--,--,--,--,--,--,--,--,--,--,--,C,1.01,79.27,--,--,--,A,0.32,69.9,A,0.83,78.39,A,1.32,99.64,A,0.76,67.22,A,1.83,95.51,--,--,--,--,--,--,--,--,--,--,--,--,--,--,--,A,0.4,83.62,--,--,--,--,--,--,--,--,--,--,--,--,A,1.88,92.53,A,0,61.79,B,0,61.38,B,0.61,75.1,A,0.6,97.94,B,0.54,65.62,A,0.73,99.92,--,--,--,--,--,--,--,--,--,--,--,--,--,--,--,--,--,--,--,--,--,--,--,--,--,--,--,--,--,--,--,--,--,--,--,--,--,--,--,--,--,--,--,--,--,--,--,--,--,--,--,--,--,--,B,1.07,75.53,--,--,--,A,0.16,94.21,A,0.5,65.1,A,0,64.84,A,1.42,91.35,A,0.0,62.04,--,--,--,--,--,--,--,--,--,--,--,--,--,--,--,A,0.98,96.26,--,--,--,--,--,--,--,--,--,--,--,--,A,1.3,98.43,A,1.96,82.41,B,1.69,77.34,B,0.32,90.77,A,1.23,65.95,B,0,64.84,--,--,71.06,--,--,--,--,--,--,--,--,--,--,--,--,--,--,--,--,--,--,--,--,--,--,--,--,--,--,--,--,--,--,--,--,--,--,--,--,--,--,--,--,--,--,--,--,--,--,--,--,--,--,--,--,--,--,C,1.12,82.87,--,--,--,A,1.61,77.37,A,0.88,70.9,A,1.98,97.54,A,0.16,77.55,A,0,61.86,--,--,--,--,--,--,--,--,--,--,--,--,--,--,--,A,0.5,91.22,--,--,--,--,--,--,--,--,--,--,--,--,A,0.58,73.46,A,1.78,67.43,B,3.05,80.21,A,1.52,76.39,B,0,64.25,A,0.24,65.68,A,0.7,85.43,--,--,--,--,--,--,--,--,--,--,--,--,--,--,--,--,--,--,--,--,--,--,--,--,--,--,--,--,--,--,--,--,--,--,--,--,--,--,--,--,--,--,--,--,--,--,--,--,--,--,--,--,--,--,C,1.48,68.9,--,--,--,A,1.14,69.07,A,0.27,97.98,A,1.05,71.71,A,1.7,88.06,A,1.05,96.19,--,--,--,--,--,--,--,--,--,--,--,--,--,--,--,A,0.92,79.26,--,--,--,--,--,--,--,--,--,--,--,--,A,1.0,75.25,B,0.99,70.3,B,2.27,79.23,B,1.23,78.93,B,1.7,69.34,B,0.04,79.58,A,0.62,93.99,--,--,--,--,--,--,--,--,--,--,--,--,--,--,--,--,--,--,--,--,--,--,--,--,--,--,--,--,--,--,--,--,--,--,--,--,--,--,--,--,--,--,--,--,--,--,--,--,--,--,--,--,--,--,B,1.79,98.33,--,--,--,A,0.58,91.58,A,0.34,95.58,A,0.03,81.58,A,1.38,83.03,A,0.86,75.13,--,--,--,--,--,--,--,--,--,--,--,--,--,--,--,A,0.1,83.12,--,--,--,--,--,--,--,--,--,--,--,--,A,0.44,92.56,A,0,62.96,B,3.49,91.95,A,1.73,83.73,B,0.12,95.49,A,0.21,91.47,A,0.4,78.61,--,--,--,--,--,--,--,--,--,--,--,--,--,--,--,--,--,--,--,--,--,--,--,--,--,--,--,--,--,--,--,--,--,--,--,--,--,--,--,--,--,--,--,--,--,--,--,--,--,--,--,--,--,--,C,0.66,84.22,--,--,--,A,1.56,75.93,A,1.34,82.02,A,0.62,97.95,A,0.23,79.94,A,0.94,70.22,--,--,--,--,--,--,--,--,--,--,--,--,--,--,--,A,1.38,79.14,--,--,--,--,--,--,--,--,--,--,--,--
150557,A,9.81,65.27,A,9.89,72.39,A,10.0,67.2,A,9.29,70.54,B,9.53,69.22,B,9.12,71.22,A,7.27,75.85,--,--,--,--,--,--,--,--,--,--,--,--,--,--,--,--,--,--,--,--,--,--,--,--,--,--,--,--,--,--,--,--,--,--,--,--,--,--,--,--,--,--,--,--,--,--,--,--,--,--,--,--,--,--,A,10.0,65.81,A,0,61.77,A,10.0,99.4,A,10.0,65.57,A,10.0,75.46,A,10.0,76.58,--,--,--,--,--,--,--,--,--,--,--,--,--,--,--,--,--,--,A,10.0,72.24,--,--,--,--,--,--,--,--,--,--,--,--,--,--,--,--,--,--,--,--,--,--,--,--,--,--,--,--,--,--,--,--,--,C,10,68.85,A,0,62.25,A,10,96.64,--,--,--,A,10,89.32,A,10,80.28,A,10,70.44,--,--,--,--,--,--,--,--,--,--,--,--,--,--,--,--,--,--,--,--,--,--,--,--,--,--,--,--,--,--,--,--,--,--,--,--,A,10,69.5,--,--,--,--,--,--,--,--,--,--,--,--,A,10.0,65.16,--,--,--,--,--,--,A,10,95.46,A,10,88.65,A,10,72.63,--,--,--,A,10,69.83,--,--,--,--,--,--,--,--,--,--,--,--,--,--,--,--,--,--,--,--,--,--,--,--,--,--,--,--,--,--,--,--,--,A,10,67.18,--,--,--,A,10,87.9,--,--,--,--,--,--,--,--,--,A,10,99.71,A,0,62.82,A,10,87.43,--,--,--,A,10,83.14,A,10,76.39,--,--,--,--,--,--,--,--,--,--,--,--,--,--,--,--,--,--,--,--,--,--,--,--,--,--,--,--,--,--,--,--,--,--,--,--,A,10,86.37,A,0,60.67,--,--,--,--,--,--,--,--,--,--,--,--,--,--,--,A,10,72.55,A,10,78.6,--,--,--,--,--,--,--,--,--,--,--,--,--,--,--,--,--,--,--,--,--,--,--,--,--,--,--,--,--,--,--,--,--,--,--,--,--,--,--,--,--,--,--,--,--,--,--,--,A,9.79,89.44,--,--,--,A,9.21,81.17,--,--,--,--,--,--,A,9.37,69.52,A,9.09,90.98,A,0,64.55,A,9.42,68.8,--,--,--,--,--,--,--,--,--,--,--,--,--,--,--,--,--,--,--,--,--,--,--,--,--,--,--,A,9.72,70.38,--,--,--,--,--,--,--,--,--,--,--,--,--,--,--,--,--,--,--,--,--,A,9.51,84.72,--,--,--,--,--,--,--,--,--,--,--,--,--,--,--,--,--,--,--,--,--,--,--,--,--,--,--,--,--,--,--,--,--,--,--,--,--,--,--,--,--,--,--,--,--,--,--,--,--,--,--,--,--,--,--,--,--,--,--,--,--,--,--,--,--,--,A,9.75,87.08,--,--,--,A,9.77,93.37,--,--,--,--,--,--,--,--,--,--,--,--,--,--,--,--,--,--,--,--,--,--,--,--,--,--,--,--,--,--,--,--,--,--,--,--,--,--,--,--,--,--,--,--,--,--,--,--,--,--,--,--,--,--,--,--,--,--,--,--,--,--,--,--,--,--,--,--,--,--,--,--,--,--,--,--,--,--,--,--,--,--,--,--,--,--,--,--,--,--,--,--,--,--,--,--,--,--,--,--,--,--,--,--,--,--,--,--,--,--,--,--,--,--,--,--,--,--,--,--,--,--,--,--,--,--,--,--,--,--,--,--,--,--,--,--,--,--,--,--,--,--,--,--,--,--,--,--,--,--,--,--,--,--,--,--,--,--,--,--,--,--,--,--,--,--,--,--,--,--,--,--,--,--,--,--,--
173230,A,0.83,71.29,A,0.95,85.35,A,2.24,94.13,A,0.05,76.93,B,1.91,85.51,A,0.01,89.01,--,--,70.0,--,--,--,--,--,--,--,--,--,--,--,--,--,--,--,--,--,--,--,--,--,--,--,--,--,--,--,--,--,--,--,--,--,--,--,--,--,--,--,--,--,--,--,--,--,--,--,--,--,--,--,--,--,--,B,0.73,96.01,--,--,--,A,0.79,97.81,A,0.12,66.15,A,0.0,64.51,A,0.0,61.1,A,1.95,82.16,--,--,--,--,--,--,--,--,--,--,--,--,--,--,--,A,0.0,61.45,--,--,--,--,--,--,--,--,--,--,--,--,A,0.55,71.01,B,0.53,99.62,B,0,62.84,A,1.61,71.23,A,0.57,81.36,A,0,62.74,A,0.45,74.85,--,--,--,--,--,--,--,--,--,--,--,--,--,--,--,--,--,--,--,--,--,--,--,--,--,--,--,--,--,--,--,--,--,--,--,--,--,--,--,--,--,--,--,--,--,--,--,--,--,--,--,--,--,--,C,1.6,96.68,--,--,--,A,0.91,73.51,A,0.81,95.68,A,0.98,76.94,A,1.12,83.41,A,0.27,91.05,--,--,--,--,--,--,--,--,--,--,--,--,--,--,--,A,1.51,79.22,--,--,--,--,--,--,--,--,--,--,--,--,A,0,64.77,B,0.65,94.57,A,2.4,96.01,A,0.76,80.23,B,0.63,69.78,B,1.97,96.72,A,0,64.61,--,--,--,--,--,--,--,--,--,--,--,--,--,--,--,--,--,--,--,--,--,--,--,--,--,--,--,--,--,--,--,--,--,--,--,--,--,--,--,--,--,--,--,--,--,--,--,--,--,--,--,--,--,--,C,0.37,97.17,--,--,--,A,0,60.6,A,0.22,72.47,A,0,60.09,A,0.81,98.83,A,0,63.17,--,--,--,--,--,--,--,--,--,--,--,--,--,--,--,A,1.18,86.28,--,--,--,--,--,--,--,--,--,--,--,--,A,1.96,72.48,B,1.24,67.98,A,1.25,90.34,A,1.63,99.09,B,0.32,92.64,A,0,64.38,A,0.14,66.74,--,--,--,--,--,--,--,--,--,--,--,--,--,--,--,--,--,--,--,--,--,--,--,--,--,--,--,--,--,--,--,--,--,--,--,--,--,--,--,--,--,--,--,--,--,--,--,--,--,--,--,--,--,--,A,1.77,92.08,--,--,--,A,1.22,95.97,A,1.74,66.68,A,1.1,87.03,A,0.09,97.96,A,0.07,67.28,--,--,--,--,--,--,--,--,--,--,--,--,--,--,--,A,0.12,92.35,--,--,--,--,--,--,--,--,--,--,--,--,A,0.53,84.22,B,1.0,77.68,B,2.94,88.54,A,1.26,73.71,B,0.19,67.36,A,1.71,81.53,--,--,80.85,--,--,--,--,--,--,--,--,--,--,--,--,--,--,--,--,--,--,--,--,--,--,--,--,--,--,--,--,--,--,--,--,--,--,--,--,--,--,--,--,--,--,--,--,--,--,--,--,--,--,--,--,--,--,B,1.73,83.78,--,--,--,A,1.71,67.63,A,0.12,80.44,A,0.63,96.92,A,0,64.88,A,0.6,72.52,--,--,--,--,--,--,--,--,--,--,--,--,--,--,--,A,0.18,93.59,--,--,--,--,--,--,--,--,--,--,--,--,A,1.39,92.5,A,0.54,73.44,A,2.54,65.59,A,0.13,74.9,B,0,62.61,B,0.78,67.57,--,--,85.21,--,--,--,--,--,--,--,--,--,--,--,--,--,--,--,--,--,--,--,--,--,--,--,--,--,--,--,--,--,--,--,--,--,--,--,--,--,--,--,--,--,--,--,--,--,--,--,--,--,--,--,--,--,--,C,1.69,87.37,--,--,--,A,1.68,71.96,A,1.26,79.65,A,0.09,93.51,A,1.05,82.79,A,0.89,85.35,--,--,--,--,--,--,--,--,--,--,--,--,--,--,--,A,1.06,83.35,--,--,--,--,--,--,--,--,--,--,--,--
167980,A,9.63,69.1,B,9.22,85.19,A,10.0,89.41,B,9.64,75.6,B,9.82,99.87,A,9.6,97.86,A,9.16,87.79,--,--,--,--,--,--,--,--,--,--,--,--,--,--,--,--,--,--,--,--,--,--,--,--,--,--,--,--,--,--,--,--,--,--,--,--,--,--,--,--,--,--,--,--,--,--,--,--,--,--,--,--,--,--,A,9.65,74.18,A,9.18,70.7,A,9.41,81.51,A,9.84,97.89,A,9.14,97.51,A,9.05,93.47,--,--,--,--,--,--,--,--,--,--,--,--,--,--,--,--,--,--,A,9.74,69.45,--,--,--,--,--,--,--,--,--,--,--,--,--,--,--,--,--,--,--,--,--,--,--,--,--,--,--,--,--,--,--,--,--,A,9.92,86.18,A,9.79,80.45,A,9.18,76.77,--,--,--,A,9.25,87.93,A,9.39,72.57,A,9.38,99.64,--,--,--,--,--,--,--,--,--,--,--,--,--,--,--,--,--,--,--,--,--,--,--,--,--,--,--,--,--,--,--,--,--,--,--,--,--,--,--,--,--,--,--,--,--,--,--,--,--,--,--,A,0.0,61.71,A,9.78,73.01,A,9.29,73.79,A,9.31,83.1,A,9.29,91.51,A,9.93,88.53,--,--,--,--,--,--,--,--,--,--,--,--,--,--,--,--,--,--,--,--,--,--,--,--,--,--,--,--,--,--,--,--,--,--,--,--,--,--,--,--,--,--,--,--,--,A,9.76,78.56,--,--,--,--,--,--,--,--,--,A,9.7,90.41,A,0,61.41,A,9.53,79.64,A,9.98,83.68,A,9.55,72.68,A,7.27,69.61,--,--,--,--,--,--,--,--,--,--,--,--,--,--,--,--,--,--,--,--,--,--,--,--,--,--,--,--,--,--,--,--,--,A,9.93,79.82,--,--,--,--,--,--,--,--,--,--,--,--,--,--,--,--,--,--,A,9.34,69.81,--,--,--,A,9.11,79.8,--,--,--,--,--,--,--,--,--,--,--,--,--,--,--,--,--,--,--,--,--,--,--,--,--,--,--,--,--,--,--,--,--,--,--,--,--,--,--,--,--,--,--,--,--,--,--,--,A,9.98,90.97,--,--,--,--,--,--,--,--,--,--,--,--,A,9.64,98.0,A,9.11,86.01,A,9.52,71.57,A,9.15,96.63,--,--,--,--,--,--,--,--,--,--,--,--,--,--,--,--,--,--,--,--,--,--,--,--,--,--,--,--,--,--,--,--,--,--,--,--,--,--,--,--,--,--,--,--,--,A,0,61.47,--,--,--,A,9.08,81.55,--,--,--,--,--,--,--,--,--,--,--,--,--,--,--,--,--,--,--,--,--,--,--,--,--,--,--,--,--,--,--,--,--,--,--,--,--,--,--,--,--,--,--,--,--,--,--,--,--,--,--,--,--,--,--,--,--,--,--,--,--,--,--,--,--,--,--,--,--,--,--,--,A,9.7,87.96,--,--,--,--,--,--,--,--,--,--,--,--,--,--,--,--,--,--,--,--,--,--,--,--,--,--,--,--,--,--,--,--,--,--,--,--,--,--,--,--,--,--,A,9.11,84.96,--,--,--,--,--,--,--,--,--,--,--,--,--,--,--,--,--,--,--,--,--,--,--,--,--,--,--,--,--,--,--,--,--,--,--,--,--,--,--,--,--,--,--,--,--,--,--,--,--,--,--,--,--,--,--,--,--,--,--,--,--,--,--,--,--,--,--,--,--,--,--,--,--,--,--,--,--,--,--,--,--,--,--,--,--,--,--,--,--,--,--,--,--,--,--,--,--,--,--,--,--,--,--,--,--,--,--,--,--,--,--,--,--,--,--,--,--,--,--,--,--,--,--,--,--,--,--,--,--,--,--,--
148129,A,9.92,66.62,B,9.92,71.55,A,9.04,84.83,A,9.71,76.76,B,9.85,80.03,B,9.66,78.5,A,8.95,66.02,--,--,--,--,--,--,--,--,--,--,--,--,--,--,--,--,--,--,--,--,--,--,--,--,--,--,--,--,--,--,--,--,--,--,--,--,--,--,--,--,--,--,--,--,--,--,--,--,--,--,--,--,--,--,B,9.9,79.98,A,9.7,97.26,A,9.24,98.18,A,9.22,90.14,A,0.0,61.61,A,9.81,74.1,--,--,--,--,--,--,--,--,--,--,--,--,--,--,--,--,--,--,A,9.38,88.38,--,--,--,--,--,--,--,--,--,--,--,--,--,--,--,--,--,--,--,--,--,--,--,--,--,--,--,--,--,--,--,--,--,C,9.13,72.07,A,9.29,76.95,A,0,60.55,--,--,--,A,0,61.4,A,9.08,86.9,A,9.46,68.57,--,--,--,--,--,--,--,--,--,--,--,--,--,--,--,--,--,--,--,--,--,--,--,--,--,--,--,--,--,--,--,--,--,--,--,--,--,--,--,--,--,--,--,--,--,A,9.45,67.44,--,--,--,A,9.58,71.08,A,9.5,79.6,A,9.8,66.04,A,9.2,85.75,A,7.45,82.67,--,--,--,--,--,--,--,--,--,--,--,--,--,--,--,--,--,--,--,--,--,--,--,--,--,--,--,--,--,--,--,--,--,--,--,--,--,--,--,--,--,--,--,--,--,A,0,60.0,A,9.4,72.83,A,0,61.07,--,--,--,--,--,--,A,9.55,75.21,A,9.81,85.51,A,9.67,74.21,A,9.91,88.2,--,--,--,--,--,--,--,--,--,--,--,--,--,--,--,--,--,--,--,--,--,--,--,--,--,--,--,--,--,--,--,--,--,--,--,--,--,--,--,--,--,--,--,--,--,--,--,--,--,--,--,--,--,--,A,0,63.18,--,--,--,A,10,67.64,A,10,77.61,A,10,91.33,--,--,--,--,--,--,--,--,--,--,--,--,--,--,--,--,--,--,--,--,--,--,--,--,--,--,--,--,--,--,A,9.59,91.24,--,--,--,A,9.4,73.48,--,--,--,--,--,--,--,--,--,--,--,--,--,--,--,--,--,--,A,10,74.04,A,8.04,84.45,A,9.39,80.03,A,9.12,95.49,--,--,--,--,--,--,--,--,--,--,--,--,--,--,--,--,--,--,--,--,--,--,--,--,--,--,--,--,--,--,--,--,--,--,--,--,--,--,--,--,--,--,A,0,60.46,--,--,--,--,--,--,--,--,--,--,--,--,A,9.32,74.02,--,--,--,--,--,--,--,--,--,--,--,--,--,--,--,--,--,--,--,--,--,--,--,--,--,--,--,--,--,--,--,--,--,--,--,--,--,--,--,--,--,--,--,--,--,--,--,--,--,--,--,--,--,--,--,--,--,--,--,--,--,--,--,--,--,--,A,0,61.03,A,9.83,85.32,--,--,--,--,--,--,--,--,--,--,--,--,--,--,--,--,--,--,--,--,--,--,--,--,--,--,--,--,--,--,--,--,--,--,--,--,A,9.09,70.02,--,--,--,--,--,--,--,--,--,--,--,--,--,--,--,--,--,--,--,--,--,--,--,--,--,--,--,--,--,--,--,--,--,--,--,--,--,--,--,--,--,--,--,--,--,--,--,--,--,--,--,--,--,--,--,--,--,--,--,--,--,--,--,--,--,--,--,--,--,--,--,--,--,--,--,--,--,--,--,--,--,A,9.78,77.59,--,--,--,A,9.6,94.94,--,--,--,--,--,--,--,--,--,--,--,--,--,--,--,--,--,--,--,--,--,--,--,--,--,--,--,--,--,--,--,--,--,--,--,--,--,--,--,--,--,--,--,--,--,--,--,--,--,--,--
156306,A,9.39,66.5,B,9.82,83.35,B,10.0,91.42,A,9.07,94.46,A,9.81,95.31,A,0.0,64.29,A,7.59,91.6,--,--,--,--,--,--,--,--,--,--,--,--,--,--,--,--,--,--,--,--,--,--,--,--,--,--,--,--,--,--,--,--,--,--,--,--,--,--,--,--,--,--,--,--,--,--,--,--,--,--,--,--,--,--,A,9.67,68.22,A,0,62.42,A,9.05,66.3,A,9.74,93.16,A,9.91,89.07,A,0.0,64.55,--,--,--,--,--,--,--,--,--,--,--,--,--,--,--,--,--,--,A,9.89,66.38,--,--,--,--,--,--,--,--,--,--,--,--,--,--,--,--,--,--,--,--,--,--,--,--,--,--,--,B,9.19,78.67,--,--,--,A,9.7,72.11,A,9.76,69.5,A,9.6,96.86,--,--,--,A,9.7,69.42,A,9.9,81.11,--,--,--,--,--,--,--,--,--,--,--,--,--,--,--,--,--,--,--,--,--,--,--,--,--,--,--,--,--,--,--,--,--,--,--,--,--,--,--,A,9.97,91.38,--,--,--,--,--,--,--,--,--,A,9.22,88.32,A,9.39,82.23,A,9.46,98.35,A,9.91,84.46,A,9.0,87.95,--,--,--,--,--,--,--,--,--,--,--,--,--,--,--,--,--,--,--,--,--,--,--,--,--,--,--,--,--,--,--,--,--,--,--,--,--,--,--,--,--,--,--,--,--,--,--,--,--,--,--,A,9.0,72.72,--,--,--,--,--,--,A,9.41,78.06,A,9.67,89.67,A,9.15,79.82,A,9.47,75.08,A,9.05,87.08,A,9.56,67.86,--,--,--,--,--,--,--,--,--,--,--,--,--,--,--,--,--,--,--,--,--,--,--,--,--,--,--,--,--,--,--,--,--,--,--,--,--,--,--,--,--,--,--,--,--,--,--,--,A,6.53,74.14,A,7.62,96.07,--,--,--,A,8.56,95.01,A,8.1,80.55,A,7.99,93.52,--,--,--,--,--,--,--,--,--,--,--,--,--,--,--,--,--,--,--,--,--,--,--,--,--,--,--,--,--,--,--,--,--,--,--,--,--,--,--,--,--,--,--,--,--,--,--,--,--,--,--,--,--,--,--,--,--,--,--,--,A,8.47,98.72,A,8.28,75.41,A,8.48,71.91,A,7.26,72.77,A,7.36,88.75,--,--,--,--,--,--,--,--,--,--,--,--,--,--,--,--,--,--,--,--,--,--,--,--,--,--,--,--,--,--,--,--,--,--,--,--,--,--,--,--,--,--,--,--,--,--,--,--,--,--,--,A,7.2,97.02,--,--,--,--,--,--,--,--,--,--,--,--,--,--,--,--,--,--,--,--,--,--,--,--,--,--,--,--,--,--,--,--,--,--,--,--,--,--,--,--,--,--,--,--,--,--,--,--,--,--,--,--,--,--,--,--,--,--,--,--,--,--,--,--,--,--,--,--,--,--,--,--,A,8.1,81.88,--,--,--,--,--,--,--,--,--,--,--,--,--,--,--,--,--,--,--,--,--,--,--,--,--,--,--,--,--,--,--,--,--,--,--,--,--,--,--,--,--,--,--,--,--,--,--,--,--,--,--,--,--,--,--,--,--,--,--,--,--,--,--,--,--,--,--,--,--,--,--,--,--,--,--,--,--,--,--,--,--,--,--,--,--,--,--,--,--,--,--,--,--,--,--,--,--,--,--,--,--,--,--,--,--,--,--,--,--,--,--,--,--,--,--,--,--,--,--,--,--,--,--,--,--,--,--,--,--,--,--,--,--,--,--,--,--,--,--,--,--,--,--,--,--,--,--,--,--,--,--,--,--,--,--,--,--,--,--,--,--,--,--,--,--,--,--,--,--,--,--,--,--,--,--,--,--
139292,A,9.5,84.63,A,9.68,74.87,A,10.0,83.73,A,9.51,87.11,A,9.35,67.11,B,9.31,91.69,A,0,61.18,--,--,--,--,--,--,--,--,--,--,--,--,--,--,--,--,--,--,--,--,--,--,--,--,--,--,--,--,--,--,--,--,--,--,--,--,--,--,--,--,--,--,--,--,--,--,--,--,--,--,--,--,--,--,C,0.0,62.82,A,9.25,78.09,A,9.02,74.74,A,9.48,80.0,A,9.78,77.55,A,9.1,68.54,--,--,--,--,--,--,--,--,--,--,--,--,--,--,--,--,--,--,A,0.0,60.57,--,--,--,--,--,--,--,--,--,--,--,--,--,--,--,--,--,--,--,--,--,--,--,--,--,--,--,--,--,--,A,8.65,74.19,--,--,--,A,9.13,91.84,A,9.84,75.72,--,--,--,A,9.53,68.8,A,0,63.68,A,9.19,96.18,--,--,--,--,--,--,--,--,--,--,--,--,--,--,--,--,--,--,--,--,--,--,--,--,--,--,--,--,--,--,--,--,--,B,9.31,96.6,--,--,--,--,--,--,--,--,--,--,--,--,--,--,--,A,9.52,75.18,A,9.49,78.56,A,9.8,96.93,--,--,--,A,9.56,90.68,--,--,--,A,9.75,92.74,--,--,--,--,--,--,--,--,--,--,--,--,--,--,--,--,--,--,--,--,--,--,--,--,--,--,--,--,--,--,--,--,--,C,0,61.64,--,--,--,--,--,--,--,--,--,--,--,--,A,9.42,94.36,--,--,--,A,0,62.92,A,9.4,72.82,A,9.86,73.34,A,9.22,76.02,--,--,--,--,--,--,--,--,--,--,--,--,--,--,--,--,--,--,--,--,--,--,--,--,--,--,--,--,--,--,--,--,--,--,--,--,--,--,--,--,--,--,--,--,--,--,--,--,--,--,--,--,--,--,A,9.45,65.94,--,--,--,A,9.91,71.69,A,9.9,68.46,A,9.87,93.48,--,--,--,--,--,--,--,--,--,--,--,--,--,--,--,--,--,--,--,--,--,--,--,--,B,9.78,77.56,--,--,--,--,--,--,--,--,--,--,--,--,--,--,--,--,--,--,A,0,61.31,--,--,--,--,--,--,--,--,--,A,9.54,68.18,A,7.89,66.39,--,--,--,A,0,62.26,A,9.97,73.42,--,--,--,--,--,--,--,--,--,--,--,--,--,--,--,--,--,--,--,--,--,--,--,--,--,--,--,--,--,--,--,--,--,A,9.0,83.93,--,--,--,--,--,--,--,--,--,--,--,--,--,--,--,--,--,--,A,9.75,84.99,--,--,--,--,--,--,--,--,--,--,--,--,--,--,--,--,--,--,--,--,--,--,--,--,--,--,--,--,--,--,A,9.8,78.18,--,--,--,--,--,--,--,--,--,A,9.9,66.01,--,--,--,--,--,--,--,--,--,--,--,--,--,--,--,A,0,60.35,A,9.95,75.56,--,--,--,A,9.75,66.8,--,--,--,--,--,--,--,--,--,--,--,--,--,--,--,--,--,--,--,--,--,--,--,--,--,--,--,--,--,--,--,--,--,--,--,--,--,--,--,--,--,--,--,--,--,--,--,--,--,--,--,--,--,--,--,--,--,--,--,--,--,--,--,--,--,--,--,--,--,--,--,--,--,--,--,--,--,--,--,--,--,--,--,--,--,--,--,--,--,--,--,--,--,--,--,--,--,--,--,--,--,--,--,--,--,--,--,--,--,--,--,--,--,--,A,9.65,77.47,--,--,--,--,--,--,--,--,--,A,9.07,73.5,--,--,--,--,--,--,--,--,--,--,--,--,--,--,--,--,--,--,--,--,--,--,--,--,--,--,--,--,--,--,--,--,--,--,--,--,--,--,--,--,--,--,--,--,--,--,--,--,--,--,--
133930,A,6.6,80.48,B,6.62,90.74,B,0.0,64.86,A,6.34,82.21,A,6.85,85.38,B,6.6,68.15,A,6.48,86.49,--,--,--,--,--,--,--,--,--,--,--,--,--,--,--,--,--,--,--,--,--,--,--,--,--,--,--,--,--,--,--,--,--,--,--,--,--,--,--,--,--,--,--,--,--,--,--,--,--,--,--,--,--,--,C,6.69,76.51,A,0,64.32,A,6.97,93.43,A,0.0,62.87,A,6.5,81.83,A,6.83,92.47,--,--,--,--,--,--,--,--,--,--,--,--,--,--,--,--,--,--,A,6.28,98.01,--,--,--,--,--,--,--,--,--,--,--,--,--,--,--,--,--,--,B,8.37,77.27,--,--,--,--,--,--,--,--,--,--,--,--,C,6.35,73.09,A,6.52,84.92,--,--,--,--,--,--,A,6.6,69.21,A,6.31,92.72,A,6.78,95.04,A,6.55,85.1,--,--,--,--,--,--,--,--,--,--,--,--,--,--,--,--,--,--,--,--,--,--,--,--,--,--,--,--,--,--,--,--,--,A,6.89,94.99,--,--,--,A,6.71,71.18,--,--,--,--,--,--,A,6.39,83.68,A,6.67,70.17,A,6.07,83.6,A,6.1,65.69,A,6.48,98.91,--,--,--,--,--,--,--,--,--,--,--,--,--,--,--,--,--,--,--,--,--,--,--,--,--,--,--,--,--,--,--,--,--,--,--,--,--,--,--,--,--,--,--,--,--,A,6.02,69.12,A,6.28,66.05,--,--,--,--,--,--,--,--,--,--,--,--,A,6.5,99.56,A,6.19,87.35,A,0,64.07,A,7.78,77.7,A,5.43,73.55,--,--,--,--,--,--,--,--,--,--,--,--,--,--,--,--,--,--,--,--,--,--,--,--,--,--,--,--,--,--,--,--,--,--,--,--,--,--,--,--,--,--,--,--,--,--,--,--,A,6.16,98.28,--,--,--,A,6.43,84.27,A,0,62.26,A,6.79,92.57,--,--,--,--,--,--,--,--,--,--,--,--,--,--,--,--,--,--,--,--,--,--,--,--,--,--,--,--,--,--,--,--,--,--,--,--,--,--,--,--,--,--,--,--,--,--,--,--,--,--,--,--,--,--,A,6.72,73.96,--,--,--,--,--,--,A,0,61.34,A,6.9,82.5,A,0,62.11,A,0,63.83,--,--,--,--,--,--,--,--,--,--,--,--,--,--,--,--,--,--,--,--,--,--,--,--,--,--,--,--,--,--,--,--,--,--,--,--,--,--,--,--,--,--,--,--,--,A,0,63.61,--,--,--,A,6.62,83.73,--,--,--,--,--,--,--,--,--,--,--,--,--,--,--,--,--,--,--,--,--,--,--,--,--,--,--,--,--,--,--,--,--,--,--,--,--,--,--,--,--,--,--,--,--,--,--,--,--,--,--,--,--,--,--,--,--,--,--,--,A,6.94,89.21,--,--,--,A,6.98,78.67,A,6.83,82.27,--,--,--,--,--,--,--,--,--,--,--,--,--,--,--,--,--,--,--,--,--,--,--,--,--,--,--,--,--,--,--,--,--,--,--,--,--,--,--,--,--,--,--,--,--,A,6.29,90.7,--,--,--,--,--,--,--,--,--,--,--,--,--,--,--,--,--,--,--,--,--,--,--,--,--,--,--,--,--,--,--,--,--,--,--,--,--,--,--,--,--,--,--,--,--,--,--,--,--,--,--,--,--,--,--,--,--,--,--,--,--,--,--,--,--,--,--,--,--,--,--,--,--,--,--,--,--,--,A,6.27,69.9,--,--,--,--,--,--,--,--,--,--,--,--,--,--,--,--,--,--,--,--,--,--,--,--,--,--,--,--,--,--,--,--,--,--,--,--,--,--,--,--,--,--,--,--,--,--,--,--,--,--,--
146966,A,0.0,61.05,A,6.9,90.68,A,6.8,66.98,B,6.95,90.71,B,6.57,93.77,A,6.57,75.44,A,5.18,71.89,--,--,--,--,--,--,--,--,--,--,--,--,--,--,--,--,--,--,--,--,--,--,--,--,--,--,--,--,--,--,--,--,--,--,--,--,--,--,--,--,--,--,--,--,--,--,--,--,--,--,--,--,--,--,B,6.34,66.61,A,0,61.37,A,6.69,90.47,A,6.5,84.16,A,6.38,87.34,A,6.06,97.02,--,--,--,--,--,--,--,--,--,--,--,--,--,--,--,--,--,--,A,6.83,65.64,--,--,--,--,--,--,--,--,--,--,--,--,A,0,61.52,--,--,--,--,--,--,--,--,--,--,--,--,--,--,--,--,--,--,C,0,60.72,A,6.28,95.95,A,6.69,75.88,--,--,--,A,6.5,71.37,A,0,61.16,--,--,--,--,--,--,--,--,--,--,--,--,--,--,--,--,--,--,--,--,--,--,--,--,--,--,--,--,--,--,--,--,--,--,--,--,--,--,--,A,6.12,85.76,--,--,--,--,--,--,--,--,--,--,--,--,A,0.0,60.59,A,6.44,78.71,A,6.69,92.15,--,--,--,--,--,--,--,--,--,--,--,--,A,6.52,69.05,--,--,--,A,6.94,95.65,--,--,--,A,6.99,96.52,--,--,--,--,--,--,--,--,--,--,--,--,--,--,--,--,--,--,B,0,63.47,--,--,--,--,--,--,--,--,--,--,--,--,A,6.92,94.99,A,6.69,81.49,A,6.27,68.43,A,6.21,71.39,--,--,--,--,--,--,--,--,--,--,--,--,--,--,--,--,--,--,--,--,--,--,--,--,--,--,--,--,--,--,--,--,--,--,--,--,--,--,--,--,--,--,--,--,--,A,6.69,96.75,--,--,--,--,--,--,--,--,--,A,5.24,94.74,A,6.79,81.61,--,--,--,--,--,--,--,--,--,--,--,--,--,--,--,--,--,--,--,--,--,--,--,--,--,--,--,--,--,--,--,--,--,--,--,--,B,6.37,81.61,--,--,--,--,--,--,--,--,--,--,--,--,--,--,--,--,--,--,--,--,--,--,--,--,A,6.18,87.69,A,6.63,92.91,A,7.19,82.69,A,5.97,86.85,--,--,--,A,6.18,71.6,--,--,--,--,--,--,--,--,--,--,--,--,--,--,--,--,--,--,--,--,--,--,--,--,--,--,--,--,--,--,--,--,--,--,--,--,A,6.63,66.29,--,--,--,--,--,--,--,--,--,--,--,--,A,0,63.11,--,--,--,A,6.65,95.97,--,--,--,--,--,--,--,--,--,--,--,--,--,--,--,--,--,--,--,--,--,--,--,--,--,--,--,--,--,--,A,6.29,94.03,--,--,--,--,--,--,--,--,--,--,--,--,--,--,--,--,--,--,--,--,--,--,--,--,--,--,--,A,0,62.82,--,--,--,A,0,62.24,A,0,62.25,--,--,--,--,--,--,--,--,--,--,--,--,--,--,--,--,--,--,--,--,--,--,--,--,--,--,--,--,--,--,--,--,--,--,--,--,--,--,--,--,--,--,--,--,--,A,6.6,98.99,--,--,--,--,--,--,--,--,--,--,--,--,--,--,--,--,--,--,--,--,--,--,--,--,--,--,--,--,--,--,--,--,--,--,--,--,--,--,--,--,--,--,--,--,--,--,--,--,--,--,--,--,--,--,--,--,--,--,--,--,--,--,--,--,--,--,A,6.97,77.19,--,--,--,A,6.68,74.82,A,6.5,79.78,--,--,--,--,--,--,--,--,--,--,--,--,--,--,--,--,--,--,--,--,--,--,--,--,--,--,--,--,--,--,--,--,--,--,--,--,--,--,--,--,--,--,--,--,--,--,--,--,--,--,--,--,--,--
120841,A,6.58,88.59,A,6.54,67.69,B,8.39,68.46,A,6.75,77.2,A,6.61,65.32,A,6.99,75.33,A,5.18,67.19,--,--,--,--,--,--,--,--,--,--,--,--,--,--,--,--,--,--,--,--,--,--,--,--,--,--,--,--,--,--,--,--,--,--,--,--,--,--,--,--,--,--,--,--,--,--,--,--,--,--,--,--,--,--,C,6.46,99.83,A,6.53,71.28,A,6.26,79.41,A,6.84,75.2,A,6.13,69.18,A,6.74,67.79,--,--,--,--,--,--,--,--,--,--,--,--,--,--,--,--,--,--,A,6.93,82.4,--,--,--,--,--,--,--,--,--,--,--,--,--,--,--,--,--,--,--,--,--,--,--,--,--,--,--,--,--,--,--,--,--,C,0,61.46,A,6.32,91.28,A,6.04,90.33,--,--,--,A,6.15,97.05,A,6.55,74.68,A,6.09,72.8,--,--,--,--,--,--,--,--,--,--,--,--,--,--,--,--,--,--,--,--,--,--,--,--,--,--,--,--,--,--,--,--,--,--,--,--,--,--,--,--,--,--,--,--,--,--,--,--,--,--,--,A,6.03,95.22,A,6.29,73.3,A,6.67,67.64,--,--,--,A,4.57,71.05,A,6.7,70.85,--,--,--,A,6.66,90.14,--,--,--,--,--,--,--,--,--,--,--,--,--,--,--,--,--,--,--,--,--,--,--,--,--,--,--,--,--,--,C,0,62.06,--,--,--,--,--,--,--,--,--,--,--,--,--,--,--,--,--,--,A,6.12,93.2,A,6.93,95.36,A,6.14,91.25,A,6.18,77.59,A,0,62.89,--,--,--,--,--,--,--,--,--,--,--,--,--,--,--,--,--,--,--,--,--,--,--,--,--,--,--,--,--,--,--,--,--,--,--,--,--,--,--,--,--,--,--,--,--,--,--,--,A,5.37,90.35,--,--,--,--,--,--,--,--,--,A,6.36,89.23,A,0,64.44,--,--,--,--,--,--,--,--,--,--,--,--,--,--,--,--,--,--,--,--,--,--,--,--,C,6.7,87.65,--,--,--,--,--,--,--,--,--,--,--,--,--,--,--,--,--,--,--,--,--,--,--,--,--,--,--,--,--,--,A,6.99,99.93,A,5.52,80.16,--,--,--,A,0,64.31,A,6.08,84.19,A,6.68,83.27,--,--,--,--,--,--,--,--,--,--,--,--,--,--,--,--,--,--,--,--,--,--,--,--,--,--,--,--,--,--,A,6.16,77.3,--,--,--,--,--,--,--,--,--,--,--,--,--,--,--,A,6.19,67.32,A,6.58,74.54,--,--,--,--,--,--,--,--,--,--,--,--,--,--,--,--,--,--,--,--,--,--,--,--,--,--,--,--,--,--,A,6.99,79.69,--,--,--,--,--,--,--,--,--,--,--,--,--,--,--,--,--,--,--,--,--,--,--,--,--,--,--,A,6.53,79.37,A,6.24,68.45,--,--,--,--,--,--,--,--,--,--,--,--,--,--,--,--,--,--,--,--,--,--,--,--,--,--,--,--,--,--,--,--,--,--,--,--,--,--,--,--,--,--,--,--,--,--,--,--,--,--,--,--,--,--,--,--,--,--,--,--,--,--,--,--,--,--,--,--,--,--,--,--,--,--,--,--,--,--,--,--,--,--,--,--,--,--,--,--,--,--,--,--,--,--,--,--,--,--,--,--,--,--,--,--,--,--,--,--,--,--,--,--,--,--,--,--,--,--,--,--,--,--,--,--,--,--,--,--,--,--,--,--,A,6.32,82.46,--,--,--,--,--,--,--,--,--,--,--,--,--,--,--,--,--,--,--,--,--,--,--,--,--,--,--,--,--,--,--,--,--,--,--,--,--,--,--,--,--,--,--,--,--,--,--,--,--,--,--
115464,A,9.93,71.45,B,9.85,65.72,B,0.0,60.57,B,9.36,87.85,B,9.62,72.48,B,9.74,66.52,A,7.45,71.01,--,--,--,--,--,--,--,--,--,--,--,--,--,--,--,--,--,--,--,--,--,--,--,--,--,--,--,--,--,--,--,--,--,--,--,--,--,--,--,--,--,--,--,--,--,--,--,--,--,--,--,--,--,--,B,9.21,85.42,A,9.2,68.24,A,0.0,62.56,A,9.91,71.61,A,9.54,69.22,A,9.76,90.86,--,--,--,--,--,--,--,--,--,--,--,--,--,--,--,--,--,--,A,9.63,89.49,--,--,--,--,--,--,--,--,--,--,--,--,--,--,--,--,--,--,A,10,96.72,--,--,--,--,--,--,--,--,--,--,--,--,A,9.59,99.77,A,9.38,72.72,A,9.26,98.76,--,--,--,A,9.46,94.76,A,9.97,67.59,A,9.09,77.21,--,--,--,--,--,--,--,--,--,--,--,--,--,--,--,--,--,--,--,--,--,--,--,--,--,--,--,--,--,--,--,--,--,--,--,--,--,--,--,A,9.95,67.0,--,--,--,--,--,--,--,--,--,A,9.15,89.85,A,9.19,77.78,A,9.03,71.51,A,9.09,77.7,A,8.91,73.04,--,--,--,--,--,--,--,--,--,--,--,--,--,--,--,--,--,--,--,--,--,--,--,--,--,--,--,--,--,--,--,--,--,--,--,--,--,--,--,--,--,--,--,--,--,--,--,--,A,9.04,78.21,--,--,--,--,--,--,--,--,--,A,9.66,76.95,A,9.07,98.95,A,9.16,78.24,A,9.78,99.04,A,10,72.87,A,8.21,76.99,--,--,--,--,--,--,--,--,--,--,--,--,--,--,--,--,--,--,--,--,--,--,--,--,--,--,--,--,--,--,--,--,--,--,--,--,--,--,--,--,--,--,--,--,--,--,--,--,A,9.39,100,--,--,--,A,0,75.31,A,9.82,96.94,A,9.61,97.67,--,--,--,--,--,--,--,--,--,--,--,--,--,--,--,--,--,--,--,--,--,--,--,--,--,--,--,--,--,--,--,--,--,--,--,--,--,--,--,--,--,--,--,--,--,--,--,--,--,--,--,--,--,--,--,--,--,--,--,--,--,--,--,A,9.02,68.27,A,9.48,70.75,A,9.34,92.68,A,9.42,94.21,--,--,--,--,--,--,--,--,--,--,--,--,--,--,--,--,--,--,--,--,--,--,--,--,--,--,--,--,--,--,--,--,--,--,--,--,--,--,--,--,--,--,A,9.79,83.24,--,--,--,--,--,--,A,9.55,81.49,--,--,--,--,--,--,--,--,--,--,--,--,--,--,--,--,--,--,--,--,--,--,--,--,--,--,--,--,--,--,--,--,--,--,--,--,--,--,--,--,--,--,--,--,--,--,--,--,--,--,--,--,--,--,--,--,--,--,--,--,--,--,--,--,--,--,--,--,--,--,--,--,A,9.93,74.41,--,--,--,--,--,--,--,--,--,--,--,--,--,--,--,--,--,--,--,--,--,--,--,--,--,--,--,--,--,--,--,--,--,--,--,--,--,--,--,--,--,--,--,--,--,--,--,--,--,--,--,--,--,--,--,--,--,--,--,--,--,--,--,--,--,--,--,--,--,--,--,--,--,--,--,--,--,--,--,--,--,--,--,--,--,--,--,--,--,--,--,--,--,--,--,--,--,--,--,--,--,--,--,--,--,--,--,--,--,--,--,--,--,--,--,--,--,--,--,--,--,--,--,--,--,--,--,--,--,--,--,--,--,--,--,--,--,--,--,--,--,--,--,--,--,--,--,--,--,--,--,--,--,--,--,--,--,--,--,--,--,--,--,--,--,--,--,--,--,--,--,--,--,--,--,--,--
193000,A,6.58,73.85,A,6.43,97.87,A,7.7,84.06,B,6.93,72.24,B,6.08,82.87,A,6.47,96.49,A,0,60.14,--,--,--,--,--,--,--,--,--,--,--,--,--,--,--,--,--,--,--,--,--,--,--,--,--,--,--,--,--,--,--,--,--,--,--,--,--,--,--,--,--,--,--,--,--,--,--,--,--,--,--,--,--,--,A,6.68,74.89,A,0,61.43,A,6.61,78.81,A,0.0,60.52,A,6.72,83.23,A,6.71,95.28,--,--,--,--,--,--,--,--,--,--,--,--,--,--,--,--,--,--,A,0.0,63.08,--,--,--,--,--,--,--,--,--,--,--,--,--,--,--,--,--,--,--,--,--,--,--,--,--,--,--,--,--,--,A,6.06,99.46,--,--,--,A,6.42,85.62,--,--,--,--,--,--,A,6.91,65.92,A,6.3,73.05,A,6.8,86.8,A,6.98,66.44,--,--,--,--,--,--,--,--,--,--,--,--,--,--,--,--,--,--,--,--,--,--,--,--,--,--,--,--,--,--,--,--,--,A,6.28,90.22,--,--,--,A,6.35,78.04,--,--,--,--,--,--,A,6.29,87.38,A,6.76,95.74,A,6.88,72.38,--,--,--,A,4.53,99.3,A,6.21,90.84,--,--,--,--,--,--,--,--,--,--,--,--,--,--,--,--,--,--,--,--,--,--,--,--,--,--,--,--,--,--,--,--,--,--,--,--,B,6.23,90.19,--,--,--,A,6.03,71.76,--,--,--,--,--,--,--,--,--,--,--,--,--,--,--,A,6.74,65.37,A,6.26,83.52,A,6.29,88.02,A,7.09,86.38,--,--,--,--,--,--,--,--,--,--,--,--,--,--,--,--,--,--,--,--,--,--,--,--,--,--,--,--,--,--,--,--,--,--,--,--,--,--,--,--,--,--,--,--,--,A,6.9,88.76,A,5.1,69.25,--,--,--,A,0,60.41,A,6.54,80.51,A,6.02,98.53,A,0,61.12,--,--,--,--,--,--,--,--,--,--,--,--,--,--,--,--,--,--,--,--,--,--,--,--,--,--,--,--,--,--,--,--,--,A,6.2,76.01,--,--,--,--,--,--,--,--,--,--,--,--,--,--,--,--,--,--,--,--,--,--,--,--,A,4.68,77.95,A,6.69,81.78,A,6.26,82.61,A,6.14,84.98,A,6.77,86.41,--,--,--,--,--,--,--,--,--,--,--,--,--,--,--,--,--,--,--,--,--,--,--,--,--,--,--,--,--,--,--,--,--,--,--,--,--,--,--,A,6.58,84.11,--,--,--,--,--,--,A,6.55,81.07,A,6.29,85.01,--,--,--,--,--,--,--,--,--,--,--,--,--,--,--,--,--,--,--,--,--,--,--,--,--,--,--,--,--,--,--,--,--,--,--,--,--,--,--,--,--,--,--,--,--,--,--,--,--,--,--,--,--,--,--,--,--,A,4.86,71.1,--,--,--,--,--,--,--,--,--,--,--,--,A,6.45,94.37,--,--,--,--,--,--,--,--,--,--,--,--,--,--,--,--,--,--,--,--,--,--,--,--,--,--,--,--,--,--,--,--,--,--,--,--,--,--,--,--,--,--,--,--,--,--,--,--,--,--,--,--,--,--,--,--,--,--,--,--,--,--,--,--,--,--,--,--,--,--,--,--,--,--,--,--,--,--,--,--,--,--,--,--,--,--,--,--,--,--,--,--,--,--,--,--,--,--,--,--,--,--,--,--,--,--,--,--,A,6.56,97.04,--,--,--,--,--,--,--,--,--,--,--,--,--,--,--,--,--,--,--,--,--,--,--,--,--,--,--,--,--,--,--,--,--,--,--,--,--,--,--,--,--,--,--,--,--,--,--,--,--,--,--,--,--,--,--,--,--,--,--,--,--,--,--,--,--,--
113483,A,1.06,95.26,A,0.7,83.73,B,0.0,63.48,A,0.5,68.26,A,0.23,84.2,B,0.18,70.26,A,1.37,73.53,--,--,--,--,--,--,--,--,--,--,--,--,--,--,--,--,--,--,--,--,--,--,--,--,--,--,--,--,--,--,--,--,--,--,--,--,--,--,--,--,--,--,--,--,--,--,--,--,--,--,--,--,--,--,B,0.2,76.27,--,--,--,A,0.69,71.85,A,0.8,96.13,A,0.2,70.09,A,0.23,65.68,A,0.84,77.59,--,--,--,--,--,--,--,--,--,--,--,--,--,--,--,A,1.17,80.13,--,--,--,--,--,--,--,--,--,--,--,--,A,1.59,85.37,B,0.76,84.46,A,2.11,74.32,A,0,64.27,A,0.81,90.63,B,0.05,77.04,--,--,95.2,--,--,--,--,--,--,--,--,--,--,--,--,--,--,--,--,--,--,--,--,--,--,--,--,--,--,--,--,--,--,--,--,--,--,--,--,--,--,--,--,--,--,--,--,--,--,--,--,--,--,--,--,--,--,B,1.09,78.52,--,--,--,A,0.97,65.53,A,0.29,80.25,A,1.82,70.02,A,1.97,90.21,A,0.0,62.93,--,--,--,--,--,--,--,--,--,--,--,--,--,--,--,A,1.82,96.58,--,--,--,--,--,--,--,--,--,--,--,--,A,1.3,75.95,A,0.9,74.74,A,2.36,83.1,A,0.45,98.29,A,0.25,65.95,A,0.25,79.81,A,1.8,65.86,--,--,--,--,--,--,--,--,--,--,--,--,--,--,--,--,--,--,--,--,--,--,--,--,--,--,--,--,--,--,--,--,--,--,--,--,--,--,--,--,--,--,--,--,--,--,--,--,--,--,--,--,--,--,A,0.26,96.63,--,--,--,A,0.97,98.4,A,0.47,73.29,A,0,63.12,A,0,61.36,A,0.02,76.59,--,--,--,--,--,--,--,--,--,--,--,--,--,--,--,A,1.34,85.97,--,--,--,--,--,--,--,--,--,--,--,--,A,0.51,71.06,B,1.93,95.76,B,1.93,93.7,A,0.18,71.64,A,0.71,65.1,A,1.01,65.71,--,--,67.75,--,--,--,--,--,--,--,--,--,--,--,--,--,--,--,--,--,--,--,--,--,--,--,--,--,--,--,--,--,--,--,--,--,--,--,--,--,--,--,--,--,--,--,--,--,--,--,--,--,--,--,--,--,--,A,0.22,69.32,--,--,--,A,1.65,93.51,A,1.19,72.51,A,1.91,90.8,A,1.21,75.91,A,0.17,95.35,--,--,--,--,--,--,--,--,--,--,--,--,--,--,--,A,1.31,91.43,--,--,--,--,--,--,--,--,--,--,--,--,A,0,60.85,B,1.35,70.32,A,2.34,86.33,B,1.83,70.45,A,0.98,80.78,B,1.6,89.85,A,0.08,71.97,--,--,--,--,--,--,--,--,--,--,--,--,--,--,--,--,--,--,--,--,--,--,--,--,--,--,--,--,--,--,--,--,--,--,--,--,--,--,--,--,--,--,--,--,--,--,--,--,--,--,--,--,--,--,B,0.76,86.75,--,--,--,A,0.9,84.13,A,1.11,98.13,A,2.0,67.65,A,0.83,67.06,A,1.84,85.45,--,--,--,--,--,--,--,--,--,--,--,--,--,--,--,A,1.5,82.72,--,--,--,--,--,--,--,--,--,--,--,--,A,0.91,67.76,A,1.74,90.21,A,2.68,75.01,B,0.02,99.14,A,0.89,67.06,A,0.25,81.41,--,--,70.55,--,--,--,--,--,--,--,--,--,--,--,--,--,--,--,--,--,--,--,--,--,--,--,--,--,--,--,--,--,--,--,--,--,--,--,--,--,--,--,--,--,--,--,--,--,--,--,--,--,--,--,--,--,--,A,0,61.08,--,--,--,A,0,62.6,A,1.22,84.39,A,0.68,89.28,A,0.78,68.55,A,1.94,91.11,--,--,--,--,--,--,--,--,--,--,--,--,--,--,--,A,0.42,85.52,--,--,--,--,--,--,--,--,--,--,--,--
151400,A,0.39,70.83,A,0.16,88.74,A,1.69,82.85,B,0.75,90.59,A,1.94,79.74,B,0.91,79.28,A,0.22,89.95,--,--,--,--,--,--,--,--,--,--,--,--,--,--,--,--,--,--,--,--,--,--,--,--,--,--,--,--,--,--,--,--,--,--,--,--,--,--,--,--,--,--,--,--,--,--,--,--,--,--,--,--,--,--,C,0.17,94.59,--,--,--,A,1.04,95.89,A,0.99,85.06,A,0.79,75.78,A,1.36,69.87,A,0.28,93.09,--,--,--,--,--,--,--,--,--,--,--,--,--,--,--,A,0.62,70.25,--,--,--,--,--,--,--,--,--,--,--,--,A,0,62.94,B,0.42,89.01,A,1.13,75.55,A,0.12,67.1,B,0.64,72.2,A,0,62.38,--,--,80.0,--,--,--,--,--,--,--,--,--,--,--,--,--,--,--,--,--,--,--,--,--,--,--,--,--,--,--,--,--,--,--,--,--,--,--,--,--,--,--,--,--,--,--,--,--,--,--,--,--,--,--,--,--,--,A,0.72,68.5,--,--,--,A,1.8,78.67,A,0.96,70.88,A,0,63.84,A,0.66,91.76,A,1.61,70.99,--,--,--,--,--,--,--,--,--,--,--,--,--,--,--,A,1.76,93.12,--,--,--,--,--,--,--,--,--,--,--,--,A,1.23,71.1,B,1.86,81.22,A,2.51,76.04,A,1.76,68.71,A,1.45,87.14,A,0,64.08,A,0.49,70.44,--,--,--,--,--,--,--,--,--,--,--,--,--,--,--,--,--,--,--,--,--,--,--,--,--,--,--,--,--,--,--,--,--,--,--,--,--,--,--,--,--,--,--,--,--,--,--,--,--,--,--,--,--,--,B,1.16,89.59,--,--,--,A,0.99,76.76,A,0.2,97.91,A,0.05,76.43,A,1.97,94.84,A,1.89,75.07,--,--,--,--,--,--,--,--,--,--,--,--,--,--,--,A,1.88,91.47,--,--,--,--,--,--,--,--,--,--,--,--,A,0.6,78.03,A,0.67,74.42,A,1.1,74.85,B,1.11,97.82,B,1.06,85.42,B,0.73,69.27,A,0.19,97.13,--,--,--,--,--,--,--,--,--,--,--,--,--,--,--,--,--,--,--,--,--,--,--,--,--,--,--,--,--,--,--,--,--,--,--,--,--,--,--,--,--,--,--,--,--,--,--,--,--,--,--,--,--,--,A,0.8,95.44,--,--,--,A,0,64.63,A,1.97,97.05,A,0.2,66.1,A,0,60.8,A,1.2,78.36,--,--,--,--,--,--,--,--,--,--,--,--,--,--,--,A,1.05,72.61,--,--,--,--,--,--,--,--,--,--,--,--,A,1.19,86.47,B,1.73,84.34,A,1.42,69.24,B,0.87,78.39,B,0.78,96.89,A,1.25,82.84,--,--,92.42,--,--,--,--,--,--,--,--,--,--,--,--,--,--,--,--,--,--,--,--,--,--,--,--,--,--,--,--,--,--,--,--,--,--,--,--,--,--,--,--,--,--,--,--,--,--,--,--,--,--,--,--,--,--,C,0,61.74,--,--,--,A,0,60.5,--,--,82.28,--,--,69.31,--,--,98.72,--,--,68.44,--,--,--,--,--,--,--,--,--,--,--,--,--,--,--,--,--,69.04,--,--,--,--,--,--,--,--,--,--,--,--,A,0,63.29,B,0,62.31,A,0.68,73.49,--,--,80.44,--,--,93.78,B,0.67,87.93,--,--,96.64,--,--,--,--,--,--,--,--,--,--,--,--,--,--,--,--,--,--,--,--,--,--,--,--,--,--,--,--,--,--,--,--,--,--,--,--,--,--,--,--,--,--,--,--,--,--,--,--,--,--,--,--,--,--,--,--,81.11,--,--,--,A,0.2,88.47,A,0.17,83.48,--,--,92.35,A,0,63.62,--,--,98.71,--,--,--,--,--,--,--,--,--,--,--,--,--,--,--,A,0.14,73.91,--,--,--,--,--,--,--,--,--,--,--,--
104528,A,6.3,82.01,B,6.81,98.55,A,7.28,79.4,B,6.79,96.94,B,0.0,61.7,B,0.0,60.09,A,5.27,68.22,--,--,--,--,--,--,--,--,--,--,--,--,--,--,--,--,--,--,--,--,--,--,--,--,--,--,--,--,--,--,--,--,--,--,--,--,--,--,--,--,--,--,--,--,--,--,--,--,--,--,--,--,--,--,C,6.89,88.96,A,6.84,83.24,A,6.15,98.06,A,6.92,92.04,A,6.4,98.86,A,6.66,66.1,--,--,--,--,--,--,--,--,--,--,--,--,--,--,--,--,--,--,A,6.12,74.77,--,--,--,--,--,--,--,--,--,--,--,--,--,--,--,--,--,--,--,--,--,--,--,--,B,6.34,60.71,B,6.95,48.36,--,--,--,C,6.66,53.94,A,6.41,45.48,A,6.76,65.74,--,--,--,A,6.29,66.65,A,6.5,37.94,--,--,--,--,--,--,--,--,--,--,--,--,--,--,--,--,--,--,--,--,--,--,--,--,--,--,--,--,--,--,--,--,--,--,--,--,--,--,--,--,--,--,--,--,--,--,--,--,--,--,--,--,--,--,A,6.91,53.78,A,6.53,39.31,A,6.18,41.72,A,6.1,87.72,--,--,--,A,6.96,40.71,--,--,--,A,6.58,32.75,--,--,--,--,--,--,--,--,--,--,--,--,--,--,--,--,--,--,--,--,--,--,--,--,--,--,--,--,--,--,--,--,--,--,--,--,--,--,--,A,6.66,98.23,--,--,--,--,--,--,A,6.72,75.06,A,6.69,95.56,A,6.64,79.78,A,6.54,84.51,A,6.47,77.12,A,6.78,81.41,--,--,--,--,--,--,--,--,--,--,--,--,--,--,--,--,--,--,--,--,--,--,--,--,--,--,--,--,--,--,--,--,--,--,--,--,--,--,--,--,--,--,--,--,--,--,--,--,A,5.39,86.48,--,--,--,--,--,--,--,--,--,A,6.48,88.03,A,6.99,91.89,--,--,--,--,--,--,--,--,--,--,--,--,--,--,--,--,--,--,--,--,--,--,--,--,--,--,--,--,--,--,--,--,--,--,--,--,--,--,--,--,--,--,--,--,--,--,--,--,--,--,--,--,--,--,--,--,--,--,--,--,A,4.93,68.17,A,6.2,65.96,A,6.34,69.37,A,6.77,67.55,A,0,64.95,--,--,--,--,--,--,--,--,--,--,--,--,--,--,--,--,--,--,--,--,--,--,--,--,--,--,--,--,--,--,--,--,--,--,--,--,--,--,--,--,--,--,--,--,--,--,--,--,--,--,--,A,0,61.07,--,--,--,--,--,--,--,--,--,--,--,--,--,--,--,--,--,--,--,--,--,--,--,--,--,--,--,--,--,--,--,--,--,--,--,--,--,--,--,--,--,--,--,--,--,--,--,--,--,--,--,--,--,--,--,--,--,A,5.76,72.17,--,--,--,--,--,--,--,--,--,A,6.56,84.68,--,--,--,--,--,--,--,--,--,--,--,--,--,--,--,--,--,--,--,--,--,--,--,--,--,--,--,--,--,--,--,--,--,--,--,--,--,--,--,--,--,--,--,--,--,--,--,--,--,--,--,A,6.08,88.92,--,--,--,--,--,--,--,--,--,--,--,--,--,--,--,--,--,--,--,--,--,--,--,--,--,--,--,--,--,--,--,--,--,--,--,--,--,--,--,--,--,--,--,--,--,--,--,--,--,--,--,--,--,--,--,--,--,--,--,--,--,--,--,--,--,--,--,--,--,--,--,--,A,6.95,79.97,--,--,--,--,--,--,--,--,--,--,--,--,--,--,--,--,--,--,--,--,--,--,--,--,--,--,--,--,--,--,--,--,--,--,--,--,--,--,--,--,--,--,--,--,--,--,--,--,--,--,--
120499,A,6.73,95.69,B,6.91,80.0,A,7.92,76.29,B,6.6,90.07,A,6.1,70.35,A,6.92,76.43,A,5.59,89.55,--,--,--,--,--,--,--,--,--,--,--,--,--,--,--,--,--,--,--,--,--,--,--,--,--,--,--,--,--,--,--,--,--,--,--,--,--,--,--,--,--,--,--,--,--,--,--,--,--,--,--,--,--,--,A,6.85,74.07,A,0,60.46,A,6.31,98.46,A,6.56,89.78,A,0.0,64.49,A,6.73,74.99,--,--,--,--,--,--,--,--,--,--,--,--,--,--,--,--,--,--,A,6.8,68.99,--,--,--,--,--,--,--,--,--,--,--,--,--,--,--,--,--,--,--,--,--,--,--,--,--,--,--,--,--,--,--,--,--,A,0,61.0,A,6.52,97.96,A,6.94,82.23,--,--,--,A,0,61.78,A,6.27,67.82,A,0,62.34,--,--,--,--,--,--,--,--,--,--,--,--,--,--,--,--,--,--,--,--,--,--,--,--,--,--,--,--,--,--,--,--,--,--,--,--,A,6.72,80.14,--,--,--,--,--,--,A,6.26,80.22,--,--,--,A,6.45,80.48,A,6.64,78.45,A,0,61.76,--,--,--,--,--,--,A,6.5,93.05,--,--,--,--,--,--,--,--,--,--,--,--,--,--,--,--,--,--,--,--,--,--,--,--,--,--,--,--,--,--,--,--,--,--,--,--,A,6.74,76.03,--,--,--,--,--,--,--,--,--,A,6.17,72.64,--,--,--,A,6.38,70.02,A,6.57,75.13,A,6.59,98.84,A,6.08,96.1,--,--,--,--,--,--,--,--,--,--,--,--,--,--,--,--,--,--,--,--,--,--,--,--,--,--,--,--,--,--,--,--,--,--,--,--,--,--,--,--,--,--,--,--,--,--,--,--,A,6.54,63.4,A,6.72,29.72,A,6.41,54.12,--,--,--,--,--,--,A,6.36,68.19,A,6.38,68.88,A,6.68,63.82,--,--,--,--,--,--,--,--,--,--,--,--,--,--,--,--,--,--,--,--,--,--,--,--,--,--,--,--,--,--,--,--,--,A,6.62,68.19,--,--,--,--,--,--,--,--,--,--,--,--,--,--,--,--,--,--,A,0,30.66,A,7.98,45.72,A,4.88,50.59,A,0,35.49,A,6.89,48.32,A,6.97,61.69,--,--,--,--,--,--,--,--,--,--,--,--,--,--,--,--,--,--,--,--,--,--,--,--,--,--,--,--,--,--,--,--,--,--,--,--,--,--,--,--,--,--,--,--,--,--,--,--,--,--,--,--,--,--,A,6.2,61.94,--,--,--,--,--,--,--,--,--,--,--,--,--,--,--,--,--,--,--,--,--,--,--,--,--,--,--,--,--,--,--,--,--,--,--,--,--,--,--,--,--,--,--,--,--,--,--,--,--,--,--,A,6.63,42.44,--,--,--,A,6.79,59.3,A,6.95,48.98,--,--,--,--,--,--,A,0,28.41,--,--,--,--,--,--,--,--,--,--,--,--,--,--,--,--,--,--,--,--,--,--,--,--,--,--,--,--,--,--,--,--,--,--,--,--,--,--,--,--,--,--,--,--,--,--,--,--,--,--,--,--,--,--,--,--,--,--,--,--,--,--,--,--,--,--,--,--,--,--,--,--,--,--,--,--,--,--,--,--,--,--,--,--,--,--,--,--,--,--,--,--,--,--,--,--,--,--,--,--,--,--,--,--,--,--,--,--,--,--,--,--,--,--,--,--,--,--,--,--,--,--,--,A,7.94,32.11,A,7.29,65.72,--,--,--,--,--,--,--,--,--,--,--,--,--,--,--,--,--,--,--,--,--,--,--,--,--,--,--,--,--,--,--,--,--,--,--,--,--,--,--,--,--,--,--,--,--,--,--,--,--,--,--
128067,A,0.28,65.39,B,1.52,87.09,A,3.37,85.51,A,0.78,74.18,A,1.93,96.88,B,1.0,92.14,--,--,65.78,--,--,--,--,--,--,--,--,--,--,--,--,--,--,--,--,--,--,--,--,--,--,--,--,--,--,--,--,--,--,--,--,--,--,--,--,--,--,--,--,--,--,--,--,--,--,--,--,--,--,--,--,--,--,B,0.22,67.73,--,--,--,A,1.72,89.75,A,1.47,92.53,A,1.65,95.94,A,0.37,80.71,A,0,63.27,--,--,--,--,--,--,--,--,--,--,--,--,--,--,--,A,0.66,76.68,--,--,--,--,--,--,--,--,--,--,--,--,A,1.54,94.4,B,0,62.09,A,1.46,65.71,A,1.88,70.53,A,0.5,78.54,B,1.07,71.11,A,0,61.77,--,--,--,--,--,--,--,--,--,--,--,--,--,--,--,--,--,--,--,--,--,--,--,--,--,--,--,--,--,--,--,--,--,--,--,--,--,--,--,--,--,--,--,--,--,--,--,--,--,--,--,--,--,--,C,0.47,99.73,--,--,--,A,0.01,87.61,A,0,62.04,A,0.15,92.68,A,0.98,92.06,A,0.4,89.58,--,--,--,--,--,--,--,--,--,--,--,--,--,--,--,A,0.14,70.3,--,--,--,--,--,--,--,--,--,--,--,--,A,0,60.54,B,0.96,70.58,A,3.56,87.95,B,0.08,76.72,B,0,60.75,A,0.9,75.84,--,--,74.56,--,--,--,--,--,--,--,--,--,--,--,--,--,--,--,--,--,--,--,--,--,--,--,--,--,--,--,--,--,--,--,--,--,--,--,--,--,--,--,--,--,--,--,--,--,--,--,--,--,--,--,--,--,--,A,1.53,73.62,--,--,--,A,0.09,78.5,A,0,61.06,A,0.43,69.7,A,1.2,68.63,A,1.37,94.2,--,--,--,--,--,--,--,--,--,--,--,--,--,--,--,A,0.93,87.4,--,--,--,--,--,--,--,--,--,--,--,--,A,0,64.07,B,1.04,92.02,A,3.55,95.7,A,0.52,95.1,B,0,60.42,A,1.22,65.32,--,--,69.73,--,--,--,--,--,--,--,--,--,--,--,--,--,--,--,--,--,--,--,--,--,--,--,--,--,--,--,--,--,--,--,--,--,--,--,--,--,--,--,--,--,--,--,--,--,--,--,--,--,--,--,--,--,--,B,0.4,90.24,--,--,--,A,0,62.5,A,1.44,73.48,A,0.68,82.18,A,0,63.76,A,1.94,69.3,--,--,--,--,--,--,--,--,--,--,--,--,--,--,--,A,0.85,90.19,--,--,--,--,--,--,--,--,--,--,--,--,A,1.78,70.39,A,1.98,70.03,A,1.52,89.04,A,1.78,67.86,A,0.01,87.13,B,1.98,66.67,A,1.59,93.07,--,--,--,--,--,--,--,--,--,--,--,--,--,--,--,--,--,--,--,--,--,--,--,--,--,--,--,--,--,--,--,--,--,--,--,--,--,--,--,--,--,--,--,--,--,--,--,--,--,--,--,--,--,--,B,0.59,93.13,--,--,--,A,0,61.39,A,0,62.45,A,1.33,86.08,A,0.72,66.15,A,0,60.55,--,--,--,--,--,--,--,--,--,--,--,--,--,--,--,A,0.73,88.99,--,--,--,--,--,--,--,--,--,--,--,--,A,1.14,73.62,A,0.85,91.89,A,2.99,76.53,A,0,62.07,B,0.31,65.47,B,1.96,70.14,--,--,83.89,--,--,--,--,--,--,--,--,--,--,--,--,--,--,--,--,--,--,--,--,--,--,--,--,--,--,--,--,--,--,--,--,--,--,--,--,--,--,--,--,--,--,--,--,--,--,--,--,--,--,--,--,--,--,B,1.89,96.02,--,--,--,A,0,63.36,A,1.13,80.81,A,0,62.82,A,0.13,89.92,A,0,62.09,--,--,--,--,--,--,--,--,--,--,--,--,--,--,--,A,1.07,70.64,--,--,--,--,--,--,--,--,--,--,--,--
178379,A,1.59,71.27,B,0.05,66.2,B,2.59,79.35,A,0.62,92.28,B,0.78,92.79,A,0.28,65.16,--,--,84.69,--,--,--,--,--,--,--,--,--,--,--,--,--,--,--,--,--,--,--,--,--,--,--,--,--,--,--,--,--,--,--,--,--,--,--,--,--,--,--,--,--,--,--,--,--,--,--,--,--,--,--,--,--,--,C,0.07,85.19,--,--,--,A,1.48,83.58,A,0.0,63.93,A,0.11,98.91,A,1.92,77.69,A,0,63.28,--,--,--,--,--,--,--,--,--,--,--,--,--,--,--,A,0.67,87.72,--,--,--,--,--,--,--,--,--,--,--,--,A,0.48,99.0,B,0.3,65.87,A,2.19,99.14,A,0.58,84.84,A,1.8,70.22,A,0,61.16,A,0.7,67.99,--,--,--,--,--,--,--,--,--,--,--,--,--,--,--,--,--,--,--,--,--,--,--,--,--,--,--,--,--,--,--,--,--,--,--,--,--,--,--,--,--,--,--,--,--,--,--,--,--,--,--,--,--,--,C,1.19,83.96,--,--,--,A,0,62.17,A,1.11,69.23,A,1.12,72.71,A,0.29,71.74,A,0.88,73.66,--,--,--,--,--,--,--,--,--,--,--,--,--,--,--,A,0.93,68.8,--,--,--,--,--,--,--,--,--,--,--,--,A,0.31,68.06,A,0.96,50.21,B,3.57,67.65,B,0.12,54.82,A,0.36,65.87,A,0.72,58.61,--,--,72.75,--,--,--,--,--,--,--,--,--,--,--,--,--,--,--,--,--,--,--,--,--,--,--,--,--,--,--,--,--,--,--,--,--,--,--,--,--,--,--,--,--,--,--,--,--,--,--,--,--,--,--,--,--,--,B,0.01,55.37,--,--,--,A,1.73,44.75,A,1.52,45.07,A,0.27,49.31,A,1.9,34.04,A,1.8,53.56,--,--,--,--,--,--,--,--,--,--,--,--,--,--,--,A,0.73,49.16,--,--,--,--,--,--,--,--,--,--,--,--,A,1.2,64.66,A,0.22,57.48,B,1.9,66.8,B,1.27,42.91,A,0.82,42.28,B,0.14,59.02,A,-0.0,42.45,--,--,--,--,--,--,--,--,--,--,--,--,--,--,--,--,--,--,--,--,--,--,--,--,--,--,--,--,--,--,--,--,--,--,--,--,--,--,--,--,--,--,--,--,--,--,--,--,--,--,--,--,--,--,A,0,61.55,--,--,--,A,0.95,97.24,A,1.53,98.79,A,1.1,65.21,A,0.18,67.07,A,0.62,74.19,--,--,--,--,--,--,--,--,--,--,--,--,--,--,--,A,1.24,68.1,--,--,--,--,--,--,--,--,--,--,--,--,A,0.39,94.07,A,0.6,66.86,A,2.17,86.14,A,1.69,88.03,A,0.59,83.56,A,1.03,68.65,A,1.01,97.98,--,--,--,--,--,--,--,--,--,--,--,--,--,--,--,--,--,--,--,--,--,--,--,--,--,--,--,--,--,--,--,--,--,--,--,--,--,--,--,--,--,--,--,--,--,--,--,--,--,--,--,--,--,--,B,1.19,87.13,--,--,--,A,0.91,70.61,A,0,61.66,A,0.05,85.95,A,0.94,98.8,A,0.05,82.74,--,--,--,--,--,--,--,--,--,--,--,--,--,--,--,A,1.92,81.48,--,--,--,--,--,--,--,--,--,--,--,--,A,1.23,88.13,B,1.37,72.47,B,0,62.28,B,0.16,91.04,B,0,61.37,A,1.89,74.65,A,0.2,72.82,--,--,--,--,--,--,--,--,--,--,--,--,--,--,--,--,--,--,--,--,--,--,--,--,--,--,--,--,--,--,--,--,--,--,--,--,--,--,--,--,--,--,--,--,--,--,--,--,--,--,--,--,--,--,C,0.78,96.79,--,--,--,A,1.48,69.4,A,1.44,81.67,A,0.17,75.01,A,1.1,88.93,A,0.92,79.13,--,--,--,--,--,--,--,--,--,--,--,--,--,--,--,A,1.87,71.42,--,--,--,--,--,--,--,--,--,--,--,--
175084,A,6.82,90.21,A,6.52,73.15,A,7.33,79.69,B,6.48,97.78,A,6.43,98.24,A,6.47,75.77,A,5.71,71.9,--,--,--,--,--,--,--,--,--,--,--,--,--,--,--,--,--,--,--,--,--,--,--,--,--,--,--,--,--,--,--,--,--,--,--,--,--,--,--,--,--,--,--,--,--,--,--,--,--,--,--,--,--,--,C,0.0,62.31,A,6.38,90.01,A,6.43,99.67,A,0.0,63.7,A,6.56,75.75,A,6.4,86.03,--,--,--,--,--,--,--,--,--,--,--,--,--,--,--,--,--,--,A,6.31,77.34,--,--,--,--,--,--,--,--,--,--,--,--,--,--,--,--,--,--,--,--,--,--,--,--,--,--,--,--,--,--,--,--,--,A,6.19,79.17,A,6.83,65.12,--,--,--,--,--,--,A,6.69,88.61,A,6.49,80.58,A,6.96,73.95,A,6.61,96.63,--,--,--,--,--,--,--,--,--,--,--,--,--,--,--,--,--,--,--,--,--,--,--,--,--,--,--,--,--,--,B,6.1,81.91,--,--,--,--,--,--,A,0,62.89,--,--,--,--,--,--,A,6.51,73.25,A,6.96,79.67,A,6.28,94.75,A,6.9,65.64,--,--,--,--,--,--,--,--,--,--,--,--,--,--,--,--,--,--,--,--,--,--,--,--,--,--,--,--,--,--,--,--,--,--,--,--,--,--,--,--,--,--,--,--,--,--,--,--,--,--,--,A,6.01,75.7,--,--,--,--,--,--,--,--,--,--,--,--,A,6.97,75.65,A,6.85,86.87,A,6.39,94.53,A,7.89,96.98,A,6.74,89.8,A,0,62.63,--,--,--,--,--,--,--,--,--,--,--,--,--,--,--,--,--,--,--,--,--,A,6.95,71.55,--,--,--,--,--,--,--,--,--,--,--,--,--,--,--,--,--,--,A,5.69,93.15,A,6.21,71.08,--,--,--,A,6.81,90.27,A,6.96,94.41,A,0,62.02,--,--,--,--,--,--,--,--,--,--,--,--,--,--,--,--,--,--,--,--,--,--,--,--,--,--,--,--,--,--,A,6.75,73.15,--,--,--,--,--,--,--,--,--,--,--,--,--,--,--,--,--,--,--,--,--,--,--,--,--,--,--,--,--,--,A,6.06,94.8,A,6.51,79.2,A,0,62.08,A,6.5,69.9,--,--,--,--,--,--,--,--,--,--,--,--,--,--,--,--,--,--,--,--,--,--,--,--,--,--,--,--,--,--,--,--,--,--,--,--,--,--,--,--,--,--,--,--,--,--,--,--,A,6.02,92.43,A,6.05,92.48,--,--,--,--,--,--,--,--,--,--,--,--,--,--,--,--,--,--,--,--,--,--,--,--,--,--,--,--,--,--,--,--,--,--,--,--,--,--,--,--,--,--,--,--,--,--,--,--,--,--,--,--,--,--,--,--,--,--,--,--,--,--,--,--,--,--,A,6.67,89.32,--,--,--,A,6.11,87.61,--,--,--,--,--,--,--,--,--,--,--,--,--,--,--,--,--,--,--,--,--,--,--,--,--,--,--,--,--,--,--,--,--,--,--,--,--,--,--,--,--,--,--,--,--,--,--,--,--,--,--,--,--,--,--,--,--,--,--,--,--,--,--,--,--,--,--,--,--,--,--,--,--,--,--,--,--,--,--,--,--,--,--,--,--,--,--,--,--,--,--,--,--,--,--,--,--,--,--,--,--,--,--,--,--,--,--,--,--,--,--,--,--,--,--,--,--,--,--,--,--,--,--,--,--,--,--,--,--,--,--,--,--,--,--,--,--,--,--,--,--,--,--,--,--,--,--,--,--,--,--,--,--,--,--,--,--,--,--,--,--,--,--,--,--,--,--,--,--,--,--,--,--,--,--,--,--
